frame,r_hip_x,r_hip_y,r_hip_z,r_knee_x,r_knee_y,r_knee_z,r_ankle_x,r_ankle_y,r_ankle_z,r_angle,l_hip_x,l_hip_y,l_hip_z,l_knee_x,l_knee_y,l_knee_z,l_ankle_x,l_ankle_y,l_ankle_z,l_angle,r_knee_angle,r_hip_angle,r_ankle_angle,l_knee_angle,l_hip_angle,l_ankle_angle,r_thigh_length,r_calf_length,l_thigh_length,l_calf_length,hip_width,r_knee_flexion,l_knee_flexion
1,-0.10869773477315903,0.0013988190330564976,-0.040931470692157745,-0.11226342618465424,0.380122572183609,-0.0753142237663269,-0.13664525747299194,0.7282975316047668,0.006142063066363335,161.35543236424434,0.10870727896690369,-0.0017401629593223333,0.04211082682013512,0.18894371390342712,0.35388484597206116,-0.09608505666255951,0.1898479163646698,0.7242897152900696,-0.0276624858379364,146.41558128726328,161.35543236424434,165.24004471888412,165.8494828639001,146.41558128726328,151.34881557749688,165.2626023096303,0.3802980003426812,0.35840675597631716,0.38987835882532906,0.37667258062517955,0.23274624891367315,161.0612013317727,145.33634690914053
2,-0.10902305692434311,0.001560039585456252,-0.041289374232292175,-0.11072567105293274,0.37598511576652527,-0.11148317903280258,-0.1337418109178543,0.7223909497261047,-0.03596916049718857,156.84194062939707,0.10901658982038498,-0.001893113018013537,0.04246065765619278,0.1985905021429062,0.3494417369365692,-0.10033735632896423,0.1898951381444931,0.7184910178184509,-0.032456062734127045,144.5759988731796,156.84194062939707,157.78211174822215,166.0216810592586,144.5759988731796,148.92943978071347,163.9216460563375,0.38095171190118354,0.3552873646654359,0.38968055553167774,0.3753409797698719,0.23359640334729237,156.5406586586192,143.86317367083998
3,-0.10942300409078598,0.001576939015649259,-0.041406530886888504,-0.1107281893491745,0.3663858473300934,-0.14102055132389069,-0.13217070698738098,0.7110909223556519,-0.06812763959169388,152.60740761435383,0.10941047221422195,-0.0019085882231593132,0.042571574449539185,0.21100367605686188,0.3379749655723572,-0.11304675042629242,0.1905823051929474,0.7074536681175232,-0.04319512099027634,140.5449644676545,152.60740761435383,153.5150078965384,166.1831625951712,140.5449644676545,146.04278894844407,162.87727246094204,0.3781668892985724,0.35297981088419,0.3873745890541116,0.3765777398589663,0.2344196267972524,152.29526917186038,140.18772312065434
4,-0.10943543165922165,0.002199455164372921,-0.04133144021034241,-0.11353778094053268,0.3669678866863251,-0.12995612621307373,-0.13145503401756287,0.7120110392570496,-0.05554131418466568,154.08709636412144,0.109417624771595,-0.0025149628054350615,0.042493924498558044,0.21237953007221222,0.3176080286502838,-0.14556875824928284,0.1937846690416336,0.6911587715148926,-0.10260497778654099,139.07016297064726,154.08709636412144,155.63264898612732,165.55942139048258,139.07016297064726,143.48397733807013,164.92503467624934,0.37540268096231505,0.35343085510887967,0.38528879589731985,0.3764728579633574,0.23440473078520502,153.82225193269156,139.04422702970524
5,-0.10945247113704681,0.003703204682096839,-0.03877925127744675,-0.12648308277130127,0.36689651012420654,-0.125623881816864,-0.13149309158325195,0.7125118970870972,-0.04818367585539818,153.87358991291381,0.10942849516868591,-0.004028460010886192,0.039954423904418945,0.21367457509040833,0.318035751581192,-0.1381840854883194,0.20757712423801422,0.6882750988006592,-0.08659173548221588,139.9127108556564,153.87358991291381,154.63995828467552,166.21024365850087,139.9127108556564,145.52177399535492,165.10968017717292,0.37382002180746055,0.3542203853438685,0.3825257247508196,0.37386645171176675,0.23273944155965393,153.65063690017953,139.35805119712862
6,-0.10951250046491623,0.006127130705863237,-0.036004919558763504,-0.12918278574943542,0.372698575258255,-0.06903614103794098,-0.1316482126712799,0.7143175005912781,0.04960473254323006,155.56658359998792,0.10947686433792114,-0.006475050467997789,0.03719150647521019,0.21606017649173737,0.30271071195602417,-0.15286029875278473,0.2299918383359909,0.6709990501403809,-0.09180233627557755,137.2415945367121,155.56658359998792,162.24008000936232,163.75079614829338,137.2415945367121,144.84218295481085,165.16002445474405,0.36858188462919345,0.3616423998367724,0.3782532574688833,0.37357524814447457,0.23124202397323024,154.85730153058705,135.1748658668824
7,-0.10954143106937408,0.00684755714610219,-0.03281102702021599,-0.13249731063842773,0.3735892176628113,-0.04729929193854332,-0.13080015778541565,0.7146235108375549,0.0754309892654419,157.62520816021186,0.10949323326349258,-0.007246532943099737,0.03400750085711479,0.219620019197464,0.3079013228416443,-0.14517715573310852,0.2567436397075653,0.673119306564331,-0.06844943016767502,137.90432900618333,157.62520816021186,163.21802104233032,163.65197880794955,137.90432900618333,145.45070579452337,165.16838067191318,0.3677449221752567,0.3624499846508657,0.3788841790616558,0.37503264218556653,0.2294330909492956,155.97216686430252,133.14493424377702
8,-0.10955627262592316,0.007647110149264336,-0.029650794342160225,-0.13550986349582672,0.37408462166786194,-0.029384765774011612,-0.13044850528240204,0.7071918249130249,0.12437155842781067,154.8121517790887,0.10949862748384476,-0.008106015622615814,0.030792295932769775,0.23448602855205536,0.3098904490470886,-0.1255331039428711,0.2999790608882904,0.6628928184509277,-0.018614331260323524,137.46931655311994,154.8121517790887,163.25278977716536,162.93476682973179,137.46931655311994,144.77387423472567,164.62821655710925,0.3673555627701638,0.3669155671715698,0.37574091155275513,0.3746086411727069,0.22778625374606873,151.15921353841603,128.25882622330718
9,-0.10954459011554718,0.008658645674586296,-0.029707688838243484,-0.13585960865020752,0.37488436698913574,-0.01125048752874136,-0.13191522657871246,0.7009879350662231,0.16904368996620178,153.54489313930395,0.10946707427501678,-0.009154974482953548,0.030860379338264465,0.24856266379356384,0.3111971318721771,-0.11782253533601761,0.33603188395500183,0.6463598012924194,-0.008981634862720966,138.58359812548773,153.54489313930395,165.26367660771575,161.87032249182388,138.58359812548773,144.1724635294438,164.11453663193853,0.36763355047250657,0.3726460595539842,0.3795782714878724,0.363085693830521,0.22792964942033375,146.041084956877,124.94438724657195
10,-0.10937467217445374,0.00907765794545412,-0.028047481551766396,-0.12944450974464417,0.37773397564888,0.016752736642956734,-0.13090406358242035,0.7016732096672058,0.18701030313968658,159.01743921358218,0.10926299542188644,-0.00960574857890606,0.02923678047955036,0.26783668994903564,0.311830997467041,-0.08412850648164749,0.3771679699420929,0.6503239274024963,-0.005759212654083967,148.9082571659228,159.01743921358218,170.0847227776981,161.3720715288972,148.9082571659228,145.135703307969,165.98469747655568,0.37191039043435975,0.3659595559391412,0.3759240436476377,0.36424241737645047,0.22678841691716708,144.6883605168478,127.0930480385747
11,-0.10931175202131271,0.009606425650417805,-0.027738342061638832,-0.12875571846961975,0.3801196813583374,0.017167452722787857,-0.13957956433296204,0.7025777697563171,0.17650869488716125,160.5903289907656,0.10918198525905609,-0.010176831856369972,0.028959661722183228,0.27807745337486267,0.31400156021118164,-0.05314524844288826,0.4112915098667145,0.6478421092033386,0.018943309783935547,155.32695969564068,160.5903289907656,170.28624876226172,161.20270202799892,155.32695969564068,146.73914639841203,166.20358991526612,0.3737307465164542,0.35984163998492197,0.37464453193230396,0.3665954953700621,0.22659557396690916,146.12770144298872,125.51192238761854
12,-0.10932660102844238,0.010113287717103958,-0.027319420129060745,-0.13018091022968292,0.38301795721054077,0.0186300128698349,-0.15094713866710663,0.7031431794166565,0.18585243821144104,159.47623699344467,0.10919187217950821,-0.010721244849264622,0.02856946922838688,0.2812877893447876,0.32235226035118103,-0.036604754626750946,0.43056949973106384,0.6458307504653931,0.051507752388715744,156.11164879218975,159.47623699344467,170.73297265545392,161.27763175450747,156.11164879218975,148.57519074527812,165.6691307573032,0.3763032621904709,0.3617661311858246,0.380529425966757,0.36699751567956573,0.22651262400581987,144.5322273366057,122.89321168406273
13,-0.10937600582838058,0.010827342979609966,-0.027411386370658875,-0.1405479609966278,0.38400569558143616,0.009531200863420963,-0.16423460841178894,0.7036372423171997,0.17557862401008606,158.24037450687075,0.10923577845096588,-0.011476613581180573,0.028664497658610344,0.28463080525398254,0.3306604325771332,-0.026442842558026314,0.4491576552391052,0.6446626782417297,0.05818312242627144,158.4106806145221,158.24037450687075,169.14065059472242,161.69847787785125,158.4106806145221,150.01724918462455,165.85735313095938,0.376295799061286,0.3609669370844294,0.3884044190362916,0.3644558253039184,0.22678863171184133,144.93109104291295,121.24116220635332
14,-0.10915916413068771,0.011627613566815853,-0.028398742899298668,-0.14345046877861023,0.38470420241355896,0.00497511588037014,-0.1808793991804123,0.704330325126648,0.17127034068107605,157.72121096164085,0.1090070903301239,-0.012299074791371822,0.029725203290581703,0.289166659116745,0.3311164379119873,-0.021644828841090202,0.4546067714691162,0.6377326250076294,0.06609859317541122,158.30835869283158,157.72121096164085,168.71680195773516,162.2306329121487,158.30835869283158,151.3448612428546,165.79237775736186,0.3761327547154378,0.3622373323432344,0.39119121256989053,0.3592809834536207,0.22704051207203868,144.62016123786316,119.97176923280722
15,-0.10913337022066116,0.01213698647916317,-0.028475213795900345,-0.14484983682632446,0.38580256700515747,0.0024586906656622887,-0.18224595487117767,0.7070413827896118,0.16649016737937927,157.7884110634724,0.10897517204284668,-0.012834995985031128,0.029812071472406387,0.2935498058795929,0.3357836902141571,-0.0031068050302565098,0.4694727659225464,0.6396258473396301,0.08601353317499161,160.86503373680534,157.7884110634724,168.31494636027242,162.22867135079875,160.86503373680534,151.5898684896022,165.7929052534048,0.37664112693897206,0.36262814530081067,0.3958363756066572,0.3622311126874016,0.22713948080519464,145.15092937363943,118.74297970223452
16,-0.10894826054573059,0.01215209811925888,-0.029993761330842972,-0.1448240727186203,0.38672691583633423,0.007038284558802843,-0.1916682869195938,0.711637556552887,0.1668834686279297,159.49046256139258,0.10878591984510422,-0.012850687839090824,0.03136316314339638,0.2912844717502594,0.3386366069316864,0.003766929265111685,0.46962592005729675,0.6415135264396667,0.0776132270693779,163.86087145067637,159.49046256139258,168.928418943278,162.28421312973217,163.86087145067637,152.72600077319754,166.51374963877194,0.3781067843739616,0.3651188679389776,0.39700200497859306,0.35915647878646384,0.227591706345124,145.0200746679972,119.78538526418711
17,-0.10876312106847763,0.01205133181065321,-0.03421679511666298,-0.14445938169956207,0.38668689131736755,0.011292390525341034,-0.21164312958717346,0.7110471129417419,0.18019716441631317,159.01719343335282,0.10859847813844681,-0.012738806195557117,0.03563598170876503,0.29029572010040283,0.3391733467578888,-0.006397673860192299,0.45968207716941833,0.6427489519119263,0.06772571802139282,161.81164602295678,159.01719343335282,169.28329519557533,162.3913252354331,161.81164602295678,153.23255316850535,166.50240233354245,0.3790740184287887,0.3718225813416929,0.39827487911416265,0.3554492414252464,0.22965196751254202,141.95660868500605,120.73482422898822
18,-0.10771801322698593,0.011042717844247818,-0.042470768094062805,-0.14600220322608948,0.3827703595161438,0.010804560035467148,-0.24096910655498505,0.7030704021453857,0.17757034301757812,159.00095844304957,0.10749989748001099,-0.011669326573610306,0.04393640533089638,0.2880513370037079,0.33897218108177185,-0.011408546939492226,0.4446544349193573,0.6442378759384155,0.06366860866546631,159.6684278828334,159.00095844304957,168.2787838381505,163.63388471357578,159.6684278828334,155.30081458562879,162.07233791794033,0.3774723557747587,0.37339209473395457,0.3982604084600052,0.3512097009292584,0.2330252897648979,139.06283999114459,122.0584558423804
19,-0.09884552657604218,0.010287735611200333,-0.05319463089108467,-0.1432335078716278,0.37869715690612793,0.023630866780877113,-0.26754409074783325,0.7023562788963318,0.1916610300540924,160.54719365223286,0.09853751957416534,-0.010907383635640144,0.054468728601932526,0.27959975600242615,0.33955511450767517,0.017787618562579155,0.4380662739276886,0.6544547080993652,0.059409983456134796,167.93819162846842,160.54719365223286,165.5115929755543,165.17454333107656,167.93819162846842,157.099701202455,171.14886427299462,0.37894320375869694,0.38528234326544863,0.3961729419066575,0.35497297447397513,0.2258333433413795,133.6049513683663,124.71687222155434
20,-0.09530846029520035,0.009416780434548855,-0.059645626693964005,-0.1428617537021637,0.3758646547794342,0.0273900143802166,-0.30124586820602417,0.6977097392082214,0.18645019829273224,159.26475952037842,0.09486300498247147,-0.010032364167273045,0.060760676860809326,0.2795730531215668,0.3225966691970825,0.00815480574965477,0.41149479150772095,0.6537318825721741,0.01965075172483921,167.8427955219246,159.26475952037842,164.67921835886563,165.98936393149464,167.8427955219246,156.25725553891013,166.76853446849316,0.3796321418727967,0.392390020520946,0.3840927666538591,0.3566315064175579,0.22592284826312617,129.96217904085847,128.20184847090502
21,-0.09564568847417831,0.008827128447592258,-0.060844045132398605,-0.1459735482931137,0.3742842376232147,0.017899978905916214,-0.32421401143074036,0.6858339905738831,0.15741851925849915,157.09929467764363,0.09518994390964508,-0.009376357309520245,0.061930540949106216,0.29011669754981995,0.3074047267436981,-0.027939090505242348,0.39182350039482117,0.6470587849617004,0.0015922706807032228,156.4131778818134,157.09929467764363,164.78394938925123,165.92785404062877,156.4131778818134,151.79856679149876,166.69423132767935,0.3772166664434433,0.38509522765837206,0.3826529042832029,0.355782594153234,0.2276471051178293,129.65614504541293,128.56095890085803
22,-0.0941234678030014,0.008191121742129326,-0.06321344524621964,-0.1488008350133896,0.3719790279865265,-0.004844863899052143,-0.3487262725830078,0.6746940016746521,0.11854125559329987,153.9771063681603,0.09363363683223724,-0.008657755330204964,0.06423696875572205,0.29259392619132996,0.3050958514213562,-0.02008049190044403,0.3832681477069855,0.6472369432449341,0.021258624270558357,153.88649377788806,153.9771063681603,165.38324726590085,166.24499218675456,153.88649377788806,150.46747617142395,165.58973092062226,0.3724756992116705,0.38318490362459073,0.3809671333106982,0.3563583360712918,0.22755268187580852,129.78602538946748,129.20494093462105
23,-0.09421871602535248,0.008084897883236408,-0.06485328078269958,-0.1496223360300064,0.37067875266075134,-0.023505331948399544,-0.3519143760204315,0.669648289680481,0.09423588961362839,152.64345505298778,0.09372653067111969,-0.008498430252075195,0.06586764752864838,0.29892343282699585,0.29729974269866943,-0.022266054525971413,0.37736427783966064,0.6472949385643005,0.021833807229995728,150.61654795129516,152.64345505298778,164.67940027007958,165.81772600089994,150.61654795129516,148.5239255221653,165.31425241722644,0.36912534118486307,0.379694414976304,0.3786632285715557,0.361378473490353,0.22953514682161807,131.14822772340216,129.4403358160365
24,-0.09435456991195679,0.008048978634178638,-0.06415534764528275,-0.15681816637516022,0.36837464570999146,-0.030438877642154694,-0.35921600461006165,0.6517348885536194,0.10308936983346939,150.53308057737652,0.09384958446025848,-0.0084366574883461,0.06519698351621628,0.3026120364665985,0.29194942116737366,-0.02266964502632618,0.37182214856147766,0.6425994634628296,0.0358203686773777,147.28609367977094,150.53308057737652,163.00627564296482,164.92154101705378,147.28609367977094,146.66759722726874,165.4696906472523,0.36725071488864286,0.37294464069144717,0.37621018331418515,0.3621692608174391,0.22896420134649662,128.30144846331112,128.49310097020447
25,-0.09454838931560516,0.007945086807012558,-0.06438054889440536,-0.15852764248847961,0.36611226201057434,-0.04291309043765068,-0.3635037839412689,0.6502658128738403,0.08274701237678528,150.0831228528557,0.09405310451984406,-0.00828555878251791,0.06541476398706436,0.30623915791511536,0.2911289632320404,-0.0057385764084756374,0.3651650846004486,0.6429258584976196,0.07226254791021347,145.35393343194033,150.0831228528557,161.79790412660827,165.09287266027326,145.35393343194033,146.330103257637,163.8482433297228,0.36446937045854777,0.3722216012974142,0.3738111489751355,0.36512668452087393,0.2295229412917466,129.09425340355992,127.69401648743327
26,-0.09470529109239578,0.00795366894453764,-0.0643320232629776,-0.15868790447711945,0.3648020327091217,-0.04047020524740219,-0.3653491139411926,0.650482177734375,0.08634986728429794,150.24732626714194,0.09421597421169281,-0.008281214162707329,0.06536667793989182,0.3066478967666626,0.28922906517982483,-0.006701285019516945,0.3567787706851959,0.6431475281715393,0.07077345997095108,144.07683276874943,150.24732626714194,161.84632574086405,165.1450427210709,144.07683276874943,145.73471886167067,163.98340552983814,0.36332343152624824,0.37470699427118914,0.3726036490964506,0.3657508975759205,0.22973151505031897,128.8436845321786,128.36982454660563
27,-0.09466522932052612,0.007935593836009502,-0.06515106558799744,-0.15683214366436005,0.35995206236839294,-0.08766129612922668,-0.37983736395835876,0.6454165577888489,-0.011789131909608841,148.18435468924756,0.09419245272874832,-0.008243103511631489,0.06617836654186249,0.30544987320899963,0.2908836901187897,0.02150515280663967,0.34342166781425476,0.6473485231399536,0.09963724762201309,145.2089922142074,148.18435468924756,157.05824408068693,168.41955067249143,145.2089922142074,146.4962915559823,162.66069115195276,0.3581717881632547,0.37010524412307244,0.3689203605129692,0.3668973406916279,0.23060007385177242,129.83369292121338,130.47970382263367
28,-0.09470456093549728,0.007954377681016922,-0.06584220379590988,-0.157333642244339,0.35546231269836426,-0.09983357787132263,-0.3997097909450531,0.638667106628418,-0.03256670758128166,145.9332593316163,0.0942324623465538,-0.008243048563599586,0.06685754656791687,0.30320852994918823,0.291183739900589,0.04656060039997101,0.33518165349960327,0.6488244533538818,0.13089370727539062,146.17662418757547,145.9332593316163,154.63861019738002,169.30364115479762,146.17662418757547,146.87756948461697,161.05861073951314,0.35473874927493476,0.37878223902734937,0.3657039301188644,0.36883767901911996,0.23144930142528847,126.80076801066835,130.80773881205764
29,-0.09477365761995316,0.008667372167110443,-0.06571934372186661,-0.16582533717155457,0.35531747341156006,-0.08752188831567764,-0.4042704403400421,0.63899165391922,-0.0015912139788269997,147.2317323815586,0.0943039134144783,-0.008891081437468529,0.06673657894134521,0.29892635345458984,0.2893035411834717,0.037472061812877655,0.33233559131622314,0.646012008190155,0.12681585550308228,145.63602848330288,147.2317323815586,152.11054971329193,167.8789174256829,145.63602848330288,146.66341368898318,160.77738463381053,0.35452783361910495,0.3804092384573605,0.3628316247114856,0.36924168383284023,0.23152364589783778,126.11886720453757,130.29977666896892
30,-0.09435389190912247,0.009634017944335938,-0.06782356649637222,-0.16552716493606567,0.3557465672492981,-0.08417323231697083,-0.4156871736049652,0.6359209418296814,0.0032336085569113493,146.19255167723162,0.0938526913523674,-0.00980015192180872,0.06885863095521927,0.29589539766311646,0.28031715750694275,0.03947148472070694,0.33354493975639343,0.6381787657737732,0.12969964742660522,145.74403071963567,146.19255167723162,152.09593749374608,168.13815503116857,145.74403071963567,146.11464343759602,160.60833498092762,0.35373272841538556,0.38563929511952616,0.3547575408181736,0.3709764683055219,0.23341257044458022,124.68107460436164,129.58375423589345
31,-0.09427289664745331,0.01037990115582943,-0.06835636496543884,-0.16505499184131622,0.35595208406448364,-0.07931803166866302,-0.4184654951095581,0.6295338869094849,0.014300744980573654,145.22237116251122,0.0937546119093895,-0.010515310801565647,0.06945127248764038,0.29032909870147705,0.267840713262558,0.013426174409687519,0.33501818776130676,0.6301902532577515,0.08495897799730301,145.30756286661284,145.22237116251122,153.44853955791186,167.71410295709666,145.30756286661284,144.65255575841954,161.3300485575724,0.35291698278376743,0.3844845398138713,0.34534391062389364,0.3720366189030726,0.23405533276820972,123.65171764291438,130.60580521986904
32,-0.09419438987970352,0.010849484242498875,-0.06944763660430908,-0.17142531275749207,0.35626763105392456,-0.068055160343647,-0.43237268924713135,0.6180654168128967,0.06263373792171478,142.9578637451459,0.0936797708272934,-0.010989140719175339,0.07066432386636734,0.2815335690975189,0.2607567608356476,0.00661428552120924,0.326291561126709,0.6209852695465088,0.0829545333981514,144.33274236668765,142.9578637451459,155.26260957734843,167.28828346413852,144.33274236668765,145.90746309019124,161.44843438345237,0.35394950287481836,0.3920602020799106,0.3365074916675858,0.3709389299931311,0.23538264011713259,119.28820658929253,130.05500704560683
33,-0.0921034961938858,0.010272571817040443,-0.07569322735071182,-0.1723352074623108,0.35638800263404846,-0.06902972608804703,-0.43528062105178833,0.6152468919754028,0.04268626123666763,144.4307569895741,0.0916239470243454,-0.01042820606380701,0.07706854492425919,0.2835719585418701,0.25516754388809204,0.013707903213799,0.32921716570854187,0.6193856000900269,0.08287351578474045,144.19850782510542,144.4307569895741,159.08485300459452,168.73256366462456,144.19850782510542,146.31934382964084,162.47151865724254,0.3553553449601969,0.38552389931457787,0.33376595457896063,0.37352665147632735,0.23983422329803278,119.08436155960251,129.90834651246578
34,-0.0817730724811554,0.010027379728853703,-0.08469384163618088,-0.16423532366752625,0.3557392358779907,-0.0697915107011795,-0.4499932527542114,0.6122047305107117,0.02779320254921913,143.7709140189127,0.08135753124952316,-0.010201724246144295,0.08606856316328049,0.2753404974937439,0.2577199637889862,0.152089923620224,0.32949596643447876,0.6271592378616333,0.23768143355846405,153.01000948824705,143.7709140189127,162.35214028981378,170.328455280467,153.01000948824705,144.15738399126354,162.94527348528584,0.3557229115759934,0.39617536550532734,0.3372984467042295,0.38307192355616876,0.23702449116929258,116.71700059667316,127.2591798059854
35,-0.06554798036813736,0.00895694363862276,-0.09129799157381058,-0.1518956571817398,0.353801429271698,-0.0650843009352684,-0.44267016649246216,0.6150656342506409,0.030328111723065376,145.14772285773134,0.06526925414800644,-0.009166308678686619,0.09233851730823517,0.25708839297294617,0.27002716064453125,0.17797189950942993,0.3245053291320801,0.6351979970932007,0.2394985556602478,156.01077302250116,145.14772285773134,163.44225585897416,170.32715529708597,156.01077302250116,145.75592650466731,164.07704417410622,0.3564558852642775,0.402383310485729,0.3493946929755688,0.37640445333551326,0.2261945368822914,115.82380075391482,129.00884507812026
36,-0.054760366678237915,0.0070841070264577866,-0.09440746903419495,-0.16379278898239136,0.34884610772132874,-0.06266254186630249,-0.4519186317920685,0.6149330735206604,0.02740076184272766,149.7697895796177,0.054561637341976166,-0.007382682990282774,0.09541559964418411,0.24812354147434235,0.2719428837299347,0.16089336574077606,0.3046676814556122,0.6384841203689575,0.21454651653766632,154.27934581022222,149.7697895796177,162.8071401684995,169.5575524353366,154.27934581022222,149.31901618476303,164.53354703340872,0.3601348006418805,0.4024054837325983,0.346087157819989,0.37473774631536577,0.21952992046384198,113.01404917713622,131.8074916375262
37,-0.04933445528149605,0.003239153418689966,-0.09600856900215149,-0.1635557860136032,0.34547150135040283,-0.06485811620950699,-0.46053287386894226,0.6121060848236084,0.021425645798444748,149.84591138551372,0.04901907965540886,-0.0035774174612015486,0.09712360054254532,0.25205913186073303,0.27477288246154785,0.1553235948085785,0.3018253445625305,0.6387130618095398,0.23750412464141846,152.0580247680977,149.84591138551372,164.766252817644,172.02511542227612,152.0580247680977,150.23949071832345,164.96661565500955,0.362132355740623,0.4083310904170933,0.3494157861333566,0.3764077171819613,0.21684076735288288,111.68437830887018,128.02026257225438
38,-0.04974969103932381,0.0027660527266561985,-0.09717828780412674,-0.16353613138198853,0.3441818356513977,-0.06483177095651627,-0.4725984036922455,0.60447758436203,0.023148713633418083,148.1187652424211,0.04937896504998207,-0.003124678274616599,0.0983421802520752,0.25460851192474365,0.2750343680381775,0.18951337039470673,0.30261632800102234,0.6378801465034485,0.30404624342918396,152.1502601166383,148.1187652424211,164.81278583946448,171.91115732031,152.1502601166383,146.85476319343238,163.75866670019624,0.3613286426345713,0.4135383061230093,0.35749658441457444,0.38350956749475495,0.2192930564306985,109.898109078538,122.19056234358005
39,-0.04971932992339134,0.00202968530356884,-0.09817469120025635,-0.16354887187480927,0.3427250385284424,-0.06588627398014069,-0.479175865650177,0.5996034145355225,0.024424003437161446,147.19350613731206,0.04936252534389496,-0.002394205192103982,0.09937654435634613,0.2582588195800781,0.27192720770835876,0.195920929312706,0.3048635423183441,0.6310815811157227,0.31518787145614624,151.31507788471748,147.19350613731206,164.5706306484513,171.80719886633443,151.31507788471748,146.47526114325652,163.33246065535815,0.3606563880156169,0.4168487081267026,0.35806524208294493,0.38129839706900626,0.22105039135967486,108.89029449724093,120.38412702299686
40,-0.04999706521630287,0.0021832846105098724,-0.09785845875740051,-0.1641257107257843,0.34046703577041626,-0.06412796676158905,-0.4802640974521637,0.590010404586792,0.035750821232795715,146.34510419364474,0.04961206018924713,-0.0025500969495624304,0.09903566539287567,0.2659536302089691,0.2619464695453644,0.20271475613117218,0.3024021089076996,0.6255489587783813,0.32970118522644043,148.0554834263792,146.34510419364474,163.58021620279655,171.7880391170158,148.0554834263792,143.9611001610844,163.58912712759644,0.35860701347704543,0.4149592085656261,0.357087471724399,0.3868602007835203,0.2207072243719181,107.5859531237706,117.82302277822353
41,-0.048270098865032196,0.002225808333605528,-0.0979275107383728,-0.16496525704860687,0.337344229221344,-0.06393389403820038,-0.482174813747406,0.5815735459327698,0.03288264945149422,146.30078576655245,0.047990020364522934,-0.002588058589026332,0.09919289499521255,0.27179110050201416,0.2496882826089859,0.1932828426361084,0.3010568916797638,0.608170747756958,0.3139805495738983,144.65141850413676,146.30078576655245,164.68919967247345,172.1224067899362,144.65141850413676,143.71018657193898,162.97136874201766,0.35647956735013464,0.4118777793176885,0.35011882846546566,0.37938647947952403,0.21942114352406947,106.43225451437289,116.99094800138108
42,-0.046810366213321686,0.0019517111359164119,-0.09807328879833221,-0.16653773188591003,0.3355976641178131,-0.07094953954219818,-0.4896417558193207,0.5795542001724243,0.0018246222753077745,146.57534826855866,0.04658002778887749,-0.002304765395820141,0.09940007328987122,0.2715833783149719,0.2459825724363327,0.18369700014591217,0.2980376183986664,0.6006497740745544,0.29472142457962036,143.41738097357407,146.57534826855866,164.08557501983006,173.32143686377526,143.41738097357407,144.25870987988563,162.64406805443514,0.3555136590987825,0.41134788244740894,0.3455127808824427,0.37257894942834463,0.21848480958357247,106.17431606525847,118.1011150470089
43,-0.04230450093746185,0.0014443745603784919,-0.09893595427274704,-0.15948186814785004,0.33599331974983215,-0.08267613500356674,-0.4878195524215698,0.5777934193611145,-0.03358258679509163,145.53994196538932,0.04217112809419632,-0.001794452895410359,0.1003507450222969,0.26710328459739685,0.24642318487167358,0.18479658663272858,0.2992822527885437,0.5947908759117126,0.2950148582458496,144.38935685754836,145.53994196538932,164.06545411594945,175.17212436505645,144.38935685754836,146.02154284805954,163.9656527738585,0.3548491423639074,0.4107104814366841,0.34545270427823505,0.36680185598194387,0.21647588877169663,106.59317200299711,117.69119174295922
44,-0.04047532379627228,0.0012419342529028654,-0.09901372343301773,-0.15660734474658966,0.3362869620323181,-0.08135376870632172,-0.48440006375312805,0.5782874822616577,-0.02529226243495941,145.35969478761123,0.040392275899648666,-0.0015824317233636975,0.10046960413455963,0.2649623155593872,0.2476164698600769,0.18468977510929108,0.29935094714164734,0.5973033905029297,0.2970530390739441,144.85189043204224,145.35969478761123,164.8445724585958,175.01097367174643,144.85189043204224,146.7502184353024,163.92216358176762,0.3550404074618311,0.41128482941920486,0.3458682299115992,0.3689024580286387,0.21526993218092716,106.72286947211039,117.5216540878707
45,-0.041458867490291595,0.001782086445018649,-0.09897031635046005,-0.15574559569358826,0.3362261652946472,-0.07708069682121277,-0.4826686382293701,0.5777357220649719,-0.008763342164456844,145.05193391368542,0.0413447767496109,-0.002096950076520443,0.10042072832584381,0.27412423491477966,0.24892914295196533,0.18335315585136414,0.2961903512477875,0.5981370210647583,0.299091637134552,142.0683875499587,145.05193391368542,163.7227677693759,174.74044031371653,142.0683875499587,145.98587189192773,163.539589766815,0.35410938079091603,0.41215628431403095,0.3522473038365109,0.3685491170465613,0.2159358217639018,106.68673137914313,116.80572666225027
46,-0.04210776835680008,0.0024073044769465923,-0.09883705526590347,-0.1554989218711853,0.33641740679740906,-0.07091940939426422,-0.4824901223182678,0.5769510269165039,0.010848503559827805,144.78306355302317,0.04199748486280441,-0.0027278743218630552,0.10028016567230225,0.2773033678531647,0.24978607892990112,0.19905100762844086,0.2944326102733612,0.5995895266532898,0.33617082238197327,141.65795091518837,144.78306355302317,162.66586826169936,174.4616026584504,141.65795091518837,145.00074418029618,163.3019832163015,0.3538356922336453,0.4140841208816019,0.359009518505334,0.37610863667709415,0.21621223682896343,106.2417190550118,113.14148428071633
47,-0.04265642166137695,0.003056309884414077,-0.09877407550811768,-0.1542338728904724,0.3365681767463684,-0.056700341403484344,-0.4798640310764313,0.5770650506019592,0.0426349863409996,144.85553949035673,0.042536213994026184,-0.003391582053154707,0.10020846873521805,0.28331640362739563,0.2502394914627075,0.20156891644001007,0.2944992780685425,0.6006273627281189,0.3417397737503052,140.2996988729338,144.85553949035673,163.8765026590538,173.70005967434142,140.2996988729338,144.64250008854032,162.87702640279738,0.3541890625951548,0.416822808388203,0.3641122924752829,0.3775507730753257,0.21654887068258724,105.56368753930644,112.28632869440074
48,-0.04280424490571022,0.0038050005678087473,-0.09866932779550552,-0.15297648310661316,0.33673715591430664,-0.05545308068394661,-0.4777570068836212,0.5774157047271729,0.04508945718407631,144.78962491485163,0.04272313788533211,-0.00415116548538208,0.10009829699993134,0.28930604457855225,0.2508672773838043,0.20123286545276642,0.29181715846061707,0.600914478302002,0.340616375207901,138.43186895242988,144.78962491485163,162.65116185572427,172.90542464125429,138.43186895242988,143.44140417480548,162.77583763696853,0.35334032624124356,0.4165541434249307,0.3688708947759947,0.37678523240070516,0.21653360582637282,105.72638910866678,112.02202269770183
49,-0.04510857164859772,0.0048031555488705635,-0.09858468174934387,-0.15439355373382568,0.3372926414012909,-0.05652894824743271,-0.4771168529987335,0.5778207778930664,0.04267343133687973,144.80358140697183,0.044897839426994324,-0.005152750760316849,0.10001099854707718,0.29172027111053467,0.25148776173591614,0.20051006972789764,0.28989720344543457,0.6012954115867615,0.3317016363143921,137.8683805297534,144.80358140697183,161.0852383700596,172.69920638242152,137.8683805297534,143.59242846587267,162.9376819021465,0.35250695061538745,0.4145421865719139,0.369980714017248,0.3736039916988331,0.2182670802882195,106.06488488249047,113.36057913482712
50,-0.049595993012189865,0.005967456381767988,-0.09818537533283234,-0.15591464936733246,0.3392622470855713,-0.057623833417892456,-0.4745670258998871,0.5792568922042847,0.04637285694479942,144.42199331306202,0.04921384155750275,-0.006309806369245052,0.09957604110240936,0.2940674424171448,0.2503318190574646,0.1816076934337616,0.2900814712047577,0.601523220539093,0.32330092787742615,136.96233758322924,144.42199331306202,160.21884143205185,172.0295147906217,136.96233758322924,143.9781428321068,163.21183498863505,0.3521850548816238,0.4122524449435027,0.36407059993881447,0.37871923786394,0.2214129454634948,106.75128348323832,112.84305844643433
51,-0.05330009385943413,0.006383213680237532,-0.09784893691539764,-0.16903045773506165,0.3401927351951599,-0.060190632939338684,-0.47480377554893494,0.5836771726608276,0.044881924986839294,147.00963855346865,0.052819859236478806,-0.006718368735164404,0.09922733157873154,0.29440417885780334,0.24987801909446716,0.17252714931964874,0.2899945378303528,0.6034968495368958,0.3084454834461212,136.9339591655533,147.00963855346865,158.68639796433573,171.70757345886017,136.9339591655533,144.03362055617876,162.92925496947169,0.35530333749510407,0.40474959617524836,0.35996882228182575,0.3788660920815921,0.22421452118548527,106.95094619283597,114.4304871189223
52,-0.05678984522819519,0.006427314132452011,-0.09740685671567917,-0.1726473569869995,0.34076619148254395,-0.060361143201589584,-0.47463667392730713,0.5852228999137878,0.046794552356004715,147.3170484033456,0.05626654252409935,-0.0067586894147098064,0.09875577688217163,0.29703792929649353,0.24441781640052795,0.1540578007698059,0.2906639277935028,0.6051830053329468,0.2783650755882263,135.5351622652787,147.3170484033456,159.24662223808403,171.14118656509697,135.5351622652787,143.38059311863026,163.21974602914202,0.3557777857433334,0.40303718554687185,0.3523049979888484,0.3816339188455165,0.22679373078016862,107.34748495256049,116.44016731869787
53,-0.0600685253739357,0.006520332768559456,-0.09670175611972809,-0.17778350412845612,0.34216073155403137,-0.05824621021747589,-0.47301700711250305,0.5881771445274353,0.06349895149469376,147.7775232377826,0.0594913549721241,-0.006851369049400091,0.09802532941102982,0.29645106196403503,0.24111683666706085,0.12240925431251526,0.2910822033882141,0.6096521615982056,0.2311743050813675,134.5904609105094,147.7775232377826,159.46270221263492,170.03463727459084,134.5904609105094,143.8266976239803,163.80042847521722,0.35775707195062967,0.403123778927582,0.3438498357968703,0.3842875832410704,0.22889299953728523,107.35740725905163,119.68791957685444
54,-0.06525175273418427,0.006675159092992544,-0.09404247999191284,-0.19323109090328217,0.34510213136672974,-0.05469708517193794,-0.4717337489128113,0.5977874398231506,0.08375108987092972,150.2369218469261,0.0646638497710228,-0.007003696635365486,0.09537024050951004,0.2965315580368042,0.24015508592128754,0.0953902006149292,0.2966196835041046,0.611808180809021,0.20199930667877197,134.52390916652706,150.2369218469261,158.65844045990468,168.34715592383697,134.52390916652706,144.6020682702371,164.40550022963356,0.3639499782306751,0.400726206780627,0.3388954091304841,0.3866413482821778,0.23009205452617945,107.50692813579138,120.82265347561183
55,-0.07133074104785919,0.006830405909568071,-0.091197669506073,-0.21037106215953827,0.3526255190372467,-0.058006130158901215,-0.47137704491615295,0.6082661747932434,0.0768984854221344,152.42133363554655,0.07073631137609482,-0.00716974725946784,0.09257479012012482,0.29621821641921997,0.24070745706558228,0.06032920256257057,0.29681986570358276,0.6142592430114746,0.17294418811798096,132.71685543396248,152.42133363554655,156.09042852078971,167.92767446068825,132.71685543396248,145.42706422197756,164.21551263774776,0.37417662866894524,0.38945541877751455,0.33663775166016574,0.3901582162877932,0.23270446620176732,108.56669597874564,120.6430796392132
56,-0.07419436424970627,0.006610075943171978,-0.08695029467344284,-0.22238141298294067,0.35888996720314026,-0.05811303108930588,-0.4661089777946472,0.6229442358016968,0.07617064565420151,154.77942739492926,0.0737922415137291,-0.006958954501897097,0.08846808224916458,0.29601600766181946,0.2507466673851013,0.0438019223511219,0.302180677652359,0.6247203350067139,0.15222233533859253,134.03561691410664,154.77942739492926,155.33813925822864,167.1043606189511,134.03561691410664,146.95665087551754,163.61469144641163,0.3832650662001718,0.38361424433135694,0.34320643297182424,0.3894217420520152,0.22990380822153345,110.30104896633085,122.47389503256346
57,-0.07689692080020905,0.004162417259067297,-0.0834316685795784,-0.23753799498081207,0.3627646267414093,-0.057002127170562744,-0.46233662962913513,0.6320158839225769,0.07480607181787491,157.31155350201286,0.07671596854925156,-0.004489217419177294,0.08505582064390182,0.292512446641922,0.2643335163593292,0.005123778246343136,0.3021828234195709,0.6269153356552124,0.10553327947854996,133.41495204941592,157.31155350201286,155.2800347966045,166.209638385901,133.41495204941592,148.01210903560514,164.25045488292852,0.39382689092875106,0.37470530681318764,0.35386849754562116,0.37635244094948384,0.22816617755865523,111.51890473868926,123.88777430053538
58,-0.0794663280248642,0.003166778013110161,-0.08220279216766357,-0.23225511610507965,0.3654812276363373,-0.05706687644124031,-0.4598132073879242,0.6386484503746033,0.07356643676757812,156.65501855979588,0.07937809079885483,-0.0034788369666785,0.08380132168531418,0.28881707787513733,0.2740119397640228,0.0150105319917202,0.30159056186676025,0.6323079466819763,0.11596287786960602,136.12562484962882,156.65501855979588,155.4180142037601,166.33407971553137,136.12562484962882,150.75017825933537,163.7797390107034,0.3940152134476647,0.37877180334172456,0.35439807170019344,0.3724655240487134,0.2298544744093903,113.01249305415686,125.68052577710755
59,-0.08738259971141815,0.0023282773327082396,-0.0778709203004837,-0.2292969673871994,0.37120887637138367,-0.05229039117693901,-0.44829699397087097,0.644439697265625,0.09456805884838104,154.39771988693124,0.08737601339817047,-0.002661772072315216,0.07952654361724854,0.28821760416030884,0.2720944285392761,-0.055463653057813644,0.3025660812854767,0.6289743781089783,0.023239078000187874,132.41091697735683,154.39771988693124,157.39474624454223,165.88027253266395,132.41091697735683,146.19973263532387,163.6806894242698,0.39606432251616575,0.37971502139634833,0.3661293044168347,0.3657366498953485,0.23524335292795262,114.66744500732159,125.99313659334719
60,-0.09903991967439651,0.0012269319267943501,-0.06605200469493866,-0.229928657412529,0.3700840175151825,-0.02068108692765236,-0.42702633142471313,0.6525951623916626,0.1331528276205063,157.1534571282634,0.09879465401172638,-0.0016012177802622318,0.0675864964723587,0.29132574796676636,0.2706263065338135,-0.12213628739118576,0.31357356905937195,0.6286346316337585,-0.07430747896432877,131.87614496217367,157.1534571282634,158.8148723119215,165.0695158205682,131.87614496217367,139.84692883185758,164.35376837139864,0.39401260314168507,0.37725974254569344,0.38362844244219996,0.3618736261456056,0.23875880291745738,117.90648751787226,126.82145393037386
61,-0.10718274861574173,0.0012532765977084637,-0.052075400948524475,-0.22790472209453583,0.3696996569633484,-0.011439317837357521,-0.403816819190979,0.6650376319885254,0.12794743478298187,159.80203709147233,0.10676806420087814,-0.0016292399959638715,0.05340123549103737,0.29378122091293335,0.2698836326599121,-0.1388222724199295,0.3314504623413086,0.628452718257904,-0.0822639912366867,132.1852893043348,159.80203709147233,156.82356919907158,166.08202762060586,132.1852893043348,137.89936688697097,165.1480498534122,0.38984332921800025,0.3709423839397221,0.3816320712346529,0.3649515037190175,0.23855519286196353,123.69598623678986,124.62188917650467
62,-0.11273889243602753,0.0003128155367448926,-0.043888967484235764,-0.22648197412490845,0.36374297738075256,0.0014549704501405358,-0.3853066861629486,0.6652165651321411,0.14372192323207855,161.23008909025407,0.11217673122882843,-0.0007496663019992411,0.04511885717511177,0.29393693804740906,0.28656983375549316,-0.11715494841337204,0.3338058292865753,0.6303979158401489,-0.03993312269449234,134.41634451198723,161.23008909025407,157.7702862344956,165.97121864399796,134.41634451198723,136.51236296845323,164.23793834301202,0.38350364258692726,0.369258038666078,0.37672543831839866,0.35464135247600537,0.2418895605163603,126.10911815362033,125.51554884198256
63,-0.1158522292971611,-0.00016383989714086056,-0.03379732370376587,-0.2258899062871933,0.3565150797367096,0.016902340576052666,-0.36875706911087036,0.6635338664054871,0.17409484088420868,161.28382323316893,0.11529362201690674,-0.0003120352339465171,0.03488503396511078,0.300391286611557,0.2900342345237732,-0.12472231686115265,0.35181424021720886,0.6293679475784302,-0.04067239910364151,134.88033222147206,161.28382323316893,158.9921740813609,164.83494645742002,134.88033222147206,132.36514119022002,164.5767173896387,0.37669430315126845,0.3733377073562018,0.3795215517442904,0.3533497950304113,0.2411341800668634,126.56040859107873,123.71801546696884
64,-0.11688384413719177,-0.0007195115322247148,-0.02790309302508831,-0.2242974042892456,0.35392192006111145,0.028678104281425476,-0.362350732088089,0.6633909940719604,0.19096261262893677,161.7607497161634,0.11638302356004715,0.00022564039682038128,0.028913093730807304,0.30636686086654663,0.29445022344589233,-0.1283654421567917,0.36939874291419983,0.6292238831520081,-0.0398026742041111,135.59703772065785,161.7607497161634,159.3914375691526,165.0325014851051,135.59703772065785,131.36009378849042,165.31241954730586,0.3748461681753576,0.37572076165027224,0.3839251249385086,0.35197980802161905,0.24008832531993504,126.55592695513988,122.03905337650625
65,-0.1176014319062233,-0.0016182009130716324,-0.01863974705338478,-0.2235167771577835,0.3528246581554413,0.03297501802444458,-0.358181357383728,0.6681103110313416,0.18959316611289978,162.26988522955963,0.11716669052839279,0.0010916584869846702,0.019649069756269455,0.30573245882987976,0.3060150742530823,-0.1207020953297615,0.37501853704452515,0.6343141794204712,-0.023820048198103905,137.77749685875227,162.26988522955963,159.73604608095494,165.38546767808333,137.77749685875227,133.33021699493779,165.00147363810393,0.3735128976065732,0.3769201989645418,0.38501141281603696,0.3492377329907165,0.23788536765031645,128.3824010820574,122.43045088795844
66,-0.11740683764219284,-0.002316297497600317,-0.013762269169092178,-0.2229895144701004,0.3528699576854706,0.03125033527612686,-0.3499595820903778,0.6736135482788086,0.18893125653266907,161.71202647739534,0.1170223131775856,0.0017782446229830384,0.014841076917946339,0.3000621795654297,0.3064839839935303,-0.1334824413061142,0.3733101785182953,0.6347400546073914,-0.024507014080882072,135.58469355447224,161.71202647739534,160.22918015710593,165.78617233777774,135.58469355447224,133.07153160670765,165.24506715215236,0.3732708293934334,0.3792902871238816,0.38516106546611756,0.3535434357817622,0.23620318252859032,129.83257912706256,120.4877949829855
67,-0.11693096905946732,-0.0032783153001219034,-0.009451715275645256,-0.2225552648305893,0.3508278727531433,0.03205661475658417,-0.3479481637477875,0.6730355024337769,0.18748463690280914,161.65080202907944,0.11658655852079391,0.0027230279520154,0.010568142868578434,0.2950460910797119,0.3111729919910431,-0.1199500635266304,0.3713766932487488,0.635220468044281,-0.021288419142365456,139.83238833631208,161.65080202907944,160.7230771373157,166.10812497087576,139.83238833631208,132.86015944347363,167.23084955457603,0.3718475840136982,0.3790765170668824,0.37950518741836364,0.34722794766056597,0.2344509469550995,130.43932133500036,123.3131265681616
68,-0.11639449000358582,-0.0036965080071240664,-0.007754193618893623,-0.22051510214805603,0.35063230991363525,0.03493287414312363,-0.3474193513393402,0.67200767993927,0.19378381967544556,161.2370088526655,0.11607429385185242,0.0031428865622729063,0.008845911361277103,0.2811567187309265,0.3163332939147949,-0.11624322831630707,0.36814579367637634,0.6360047459602356,-0.012982440181076527,141.21048269191542,161.2370088526655,161.08349078151542,166.4798764541948,141.21048269191542,134.9960799077425,166.28709498676406,0.3717690127439091,0.38028994177920344,0.3754833300252782,0.3470154561096876,0.23316105221639194,130.06109534105875,123.624606354077
69,-0.11592883616685867,-0.003712848061695695,-0.007575833238661289,-0.2188757061958313,0.35046350955963135,0.03106652945280075,-0.33932816982269287,0.6754467487335205,0.19192469120025635,160.67425589009562,0.11562409996986389,0.003159507643431425,0.00866849534213543,0.2732076942920685,0.3198995888233185,-0.10208925604820251,0.3696611225605011,0.6425689458847046,-0.007904077880084515,145.60421405111825,160.67425589009562,161.18364843395406,165.33589336062494,145.60421405111825,136.35630287518464,166.611549356461,0.37085331674538224,0.3820971734238612,0.3707076310495786,0.3496993359983717,0.23222374925385172,131.02086172804707,126.02048059664085
70,-0.11549842357635498,-0.003683047369122505,-0.004943439271301031,-0.21891477704048157,0.3484254777431488,0.0012823418946936727,-0.3356911242008209,0.681343674659729,0.13276639580726624,160.31832250659707,0.11518581211566925,0.003132515586912632,0.006037476938217878,0.2692939043045044,0.3309069871902466,-0.0874229222536087,0.3707062005996704,0.6552047729492188,0.0030988878570497036,149.61382376763663,160.31832250659707,159.9518441665603,166.31150699806213,149.61382376763663,138.47399719033987,166.3402217924007,0.36703421635003325,0.37650935915005257,0.37405915913131027,0.3516357572741157,0.2310459889632831,135.7600921252597,128.45281017113012
71,-0.11521491408348083,-0.0036507612094283104,-0.0009807542664930224,-0.21880483627319336,0.34834375977516174,-0.004327281843870878,-0.33757996559143066,0.6926378607749939,0.1107359454035759,161.7590785293498,0.11488042771816254,0.0030948573257774115,0.0021996423602104187,0.26326361298561096,0.3489097058773041,-0.0522133931517601,0.37213003635406494,0.6748843789100647,0.029656708240509033,157.8632479804469,161.7590785293498,160.23368902844408,166.97572455115198,157.8632479804469,143.96728179666022,166.2582463998772,0.3669362533591739,0.38194961132647354,0.38021869704481426,0.353290389195397,0.2302161693081977,137.93731527464462,132.75980117611647
72,-0.11496993899345398,-0.0035624057054519653,0.007458332926034927,-0.22851108014583588,0.3478418290615082,-0.012838068418204784,-0.3390783667564392,0.6927105188369751,0.09050969779491425,160.9267121602402,0.11468329280614853,0.0029989355243742466,-0.006151397246867418,0.2560182809829712,0.3541783094406128,-0.05555409938097,0.37143537402153015,0.6785344481468201,0.030086396262049675,158.47046382941417,160.9267121602402,158.45227658470134,168.0392926352986,158.47046382941417,145.6529735857131,167.07972673390742,0.3698492542291581,0.3766169125744621,0.38176322311780475,0.354770777511133,0.23014969656750667,138.13415194153472,133.01184252223337
73,-0.11348728090524673,-0.003412289544939995,0.016858074814081192,-0.2391960322856903,0.34502533078193665,-0.0113443061709404,-0.3412618637084961,0.6907491087913513,0.09008671343326569,159.65173890604723,0.1133347675204277,0.0028395443223416805,-0.015398459509015083,0.24641168117523193,0.3621917963027954,-0.053915735334157944,0.3688122630119324,0.6793531179428101,0.04815477877855301,157.53483923617205,159.65173890604723,158.68537812827344,166.86411194400213,157.53483923617205,148.8688095504012,165.80716745166796,0.37149271826768165,0.37447378594913755,0.3851325570349797,0.3549529493181269,0.2291894654761867,137.11053152210536,132.2373833685031
74,-0.11189189553260803,-0.003093038685619831,0.023421868681907654,-0.2583019435405731,0.33799847960472107,-0.017528217285871506,-0.34703555703163147,0.6894577741622925,0.07545304298400879,157.44879844723806,0.11184027791023254,0.0025195032358169556,-0.02182958275079727,0.22994501888751984,0.3711073100566864,-0.05541789159178734,0.3648480176925659,0.6834515333175659,0.053978294134140015,156.55675761280432,157.44879844723806,155.46358530709583,167.42321531757415,156.55675761280432,152.51717369479283,165.4707388569751,0.37343839592103156,0.37422293443275423,0.3885020922326267,0.35738670700295777,0.2283315131930843,135.88954586791598,132.49837599414127
75,-0.11148621886968613,-0.0030784031841903925,0.02640603668987751,-0.27300572395324707,0.3225102126598358,-0.04889267683029175,-0.34766054153442383,0.6777066588401794,0.039191409945487976,150.85193788519328,0.11145047843456268,0.002505639335140586,-0.024924155324697495,0.21961741149425507,0.38102972507476807,-0.05588555335998535,0.3634989857673645,0.6843855977058411,0.06160258501768112,154.47111888578416,150.85193788519328,151.36382912531548,166.76014818930253,154.47111888578416,156.6326763264569,164.85716418948283,0.3711689555276139,0.37349252135798866,0.3948913484249311,0.3557107751172542,0.22883780532953266,133.2981278637272,131.9653947618148
76,-0.11004040390253067,-0.0030687288381159306,0.030663849785923958,-0.2876846194267273,0.30285564064979553,-0.08307280391454697,-0.3483923077583313,0.6572847962379456,0.002407298656180501,142.86252795251238,0.11002243310213089,0.0025035508442670107,-0.029288889840245247,0.21491536498069763,0.3864976763725281,-0.05158085376024246,0.3590075969696045,0.6857460141181946,0.07754644751548767,153.4998794249552,142.86252795251238,147.04723465029556,165.53001327996154,153.4998794249552,159.82044450124056,163.67949248000963,0.3715954972154052,0.3696110086144599,0.39868652755480216,0.3563509490626377,0.22815133907142027,128.93487234229477,131.51132505715785
77,-0.1088511049747467,-0.0029789560940116644,0.031081920489668846,-0.28540465235710144,0.30068618059158325,-0.07030265033245087,-0.3505719006061554,0.6553671360015869,0.0143979387357831,144.76840751714178,0.10888688266277313,0.002421455690637231,-0.029628721997141838,0.2177538424730301,0.3826780915260315,-0.04652302712202072,0.35704150795936584,0.6850600242614746,0.07289707660675049,156.21262597086357,144.76840751714178,146.09091108995887,166.4939074886266,156.21262597086357,158.84671423701957,163.93261619994402,0.3655988259449965,0.3704315593512689,0.3958946091838486,0.35369061081126524,0.22610788977619037,129.3919204920066,132.59465981691096
78,-0.1072387546300888,-0.0029651131480932236,0.03180514648556709,-0.27992597222328186,0.3009314239025116,-0.062003690749406815,-0.3517737090587616,0.6561985015869141,0.024497205391526222,146.3463314463756,0.10728947818279266,0.002408970147371292,-0.030238494277000427,0.22163844108581543,0.37867748737335205,-0.04532979801297188,0.3570466637611389,0.6837736368179321,0.07019084692001343,157.61920395252076,146.3463314463756,146.31404741020987,166.29873602669792,157.61920395252076,153.7773908350139,163.81374650154822,0.36190341017294414,0.37263816069745204,0.39354978061343954,0.3532195727585497,0.223384549161662,129.5467794314901,132.6988047340099
79,-0.1058671623468399,-0.0029441805090755224,0.03144698590040207,-0.2780763506889343,0.3038632869720459,-0.04153067246079445,-0.35618075728416443,0.6571075916290283,0.03167371079325676,151.43622683440566,0.10593497008085251,0.002386174164712429,-0.02985651046037674,0.22278879582881927,0.37603703141212463,-0.045875996351242065,0.36755678057670593,0.6828410625457764,0.0683971717953682,157.64753274515564,151.43622683440566,148.0904715035176,165.74263784998473,157.64753274515564,154.70075101260932,164.40493561353247,0.35932236956736474,0.36910800428843865,0.39182445513503855,0.3579732390641604,0.2205599116973031,131.77389279725733,131.4689908877082
80,-0.10396768152713776,-0.0028183639515191317,0.031844448298215866,-0.2759111821651459,0.3057199716567993,-0.027884317561984062,-0.3595097064971924,0.6575791239738464,0.047856394201517105,153.45516819943217,0.10408790409564972,0.0022628626320511103,-0.03025749698281288,0.2236977219581604,0.3745802044868469,-0.0460372157394886,0.37532341480255127,0.6816734671592712,0.0719505324959755,157.11209277840643,153.45516819943217,150.04272659622444,165.73727723528276,157.11209277840643,155.35951651965013,164.46826800360142,0.35822897345522825,0.36949997531557227,0.3913766869640598,0.3622398810774587,0.2171856283922178,131.6854807287753,130.0145587114319
81,-0.10282254964113235,-0.002803583862259984,0.03287695720791817,-0.27465811371803284,0.30593588948249817,-0.02064710296690464,-0.3602064251899719,0.657554030418396,0.05811727046966553,154.08572967804278,0.10293351858854294,0.0022473966237157583,-0.03131156414747238,0.22578644752502441,0.3733426332473755,-0.04249385744333267,0.3830878436565399,0.6814557909965515,0.08532121032476425,156.47288432970572,154.08572967804278,150.38919156703173,165.84751511939052,156.47288432970572,154.97119484225706,164.10068751412277,0.3573686450997391,0.3703480216685007,0.3910620928655663,0.36880094733020385,0.2155950794684237,131.4601761414521,128.27418429773206
82,-0.10238316655158997,-0.00287739560008049,0.033669549971818924,-0.27394941449165344,0.30642858147621155,-0.020589793100953102,-0.3602731227874756,0.6577595472335815,0.05774647369980812,154.17278285490636,0.1024785041809082,0.002317895647138357,-0.03210024908185005,0.22747203707695007,0.37637823820114136,-0.03676924109458923,0.38937443494796753,0.685588538646698,0.0912240669131279,157.3316762584606,154.17278285490636,150.24335042386747,166.33323044760468,157.3316762584606,155.13525639137714,163.61652992686214,0.3578396864491693,0.3701645590953144,0.39441896838750923,0.37176024966740995,0.2152230509355676,131.45532498335987,127.78926715408468
83,-0.10197989642620087,-0.002868798328563571,0.03414291515946388,-0.27313774824142456,0.3070123493671417,-0.020528126507997513,-0.3552005887031555,0.6568928360939026,0.06059210002422333,153.43085695786795,0.10208069533109665,0.002311541698873043,-0.03263736143708229,0.22817188501358032,0.37868964672088623,-0.0377996489405632,0.40019118785858154,0.684985876083374,0.09362369030714035,156.2604878052255,153.43085695786795,151.4324208351278,166.99874211350823,156.2604878052255,156.59363788824754,164.6659261585825,0.35820421372760947,0.36841709505591813,0.396971176872798,0.3750734791637166,0.21477235942608983,131.6411945538589,126.21285644185485
84,-0.1012745201587677,-0.0026514206547290087,0.03493107855319977,-0.2733311057090759,0.3080093562602997,-0.02059279754757881,-0.35165607929229736,0.659464418888092,0.06114514172077179,152.87481585874377,0.10140322893857956,0.002114294096827507,-0.03346601501107216,0.22895097732543945,0.3788568675518036,-0.038530319929122925,0.4095006585121155,0.6846190690994263,0.09147823601961136,156.1417563927586,152.87481585874377,151.53455913660818,167.383144192583,156.1417563927586,156.57579469809394,165.10187582466597,0.3594391294251843,0.36923780040693877,0.3977801427375916,0.37814142313654897,0.2139606141893882,131.94772959313195,125.24109530521042
85,-0.10035092383623123,-0.0025275256484746933,0.03643449768424034,-0.27849137783050537,0.309266060590744,-0.013476287946105003,-0.35182204842567444,0.6602327227592468,0.07365582883358002,152.02634927819508,0.1004757210612297,0.002000546781346202,-0.03504280000925064,0.22929713129997253,0.37833064794540405,-0.04282200336456299,0.4159204959869385,0.6827868223190308,0.0910869911313057,155.05381970982378,152.02634927819508,151.33228933738167,167.57839217694345,155.05381970982378,156.33329885291366,164.11998922790738,0.36254702907545316,0.36898101709728354,0.3978439603448716,0.38138361418420047,0.21321549856017621,131.34003781115484,124.03887489854503
86,-0.09823908656835556,-0.0024737173225730658,0.04018194600939751,-0.3003203868865967,0.31071794033050537,-0.009279248304665089,-0.35142409801483154,0.6603443622589111,0.07656680047512054,147.71358024205153,0.09821917116641998,0.0019542118534445763,-0.038960542529821396,0.22950536012649536,0.37729978561401367,-0.047270745038986206,0.4156947731971741,0.6774504780769348,0.08936410397291183,154.51335183824412,147.71358024205153,149.24854699895306,167.1142154604616,154.51335183824412,156.94003354815132,164.2925702270456,0.3759950479790495,0.36362036286852667,0.39773033907291355,0.37871627597725327,0.21184661215405765,130.45744402326318,123.10992663329239
87,-0.09794963896274567,-0.0027394213248044252,0.04073050618171692,-0.30897632241249084,0.310827374458313,-0.006892422679811716,-0.3515791893005371,0.6591442823410034,0.07638776302337646,146.2544797584676,0.09787651151418686,0.00221927254460752,-0.03959124907851219,0.2310449779033661,0.3754829466342926,-0.04533069208264351,0.42653319239616394,0.664548397064209,0.1011890172958374,152.52561498552146,146.2544797584676,148.03003256195873,166.76452747865704,152.52561498552146,156.40107156662822,165.979361923958,0.38095188659309775,0.3606594819421732,0.39634902805655303,0.3784739117484679,0.2117169200219692,130.36491043122354,120.14566678163453
88,-0.09863343834877014,-0.0029304258059710264,0.040506768971681595,-0.30430158972740173,0.30891111493110657,-0.01009791437536478,-0.3459368646144867,0.6504772901535034,0.0771210566163063,145.79093455711907,0.09849400818347931,0.0024096460547298193,-0.039298880845308304,0.23803645372390747,0.3751242160797119,-0.04474446550011635,0.4377043545246124,0.6516585946083069,0.11136289685964584,150.60594343968194,145.79093455711907,148.48190082837345,167.1100553644273,150.60594343968194,153.17769324833813,166.00306212457463,0.3769686578449632,0.35497619226058835,0.3980174609342451,0.3751107059273015,0.21273619411495154,130.01663603020455,116.95404711187626
89,-0.09861313551664352,-0.0028642872348427773,0.04042316600680351,-0.30247241258621216,0.30871355533599854,0.0048064859583973885,-0.34131449460983276,0.6458287835121155,0.10350962728261948,145.88389523112875,0.0984630435705185,0.0023422271478921175,-0.039297934621572495,0.24860136210918427,0.37427836656570435,-0.06196118891239166,0.45573893189430237,0.6451977491378784,0.08250582963228226,149.79508477561725,145.88389523112875,148.7667611118883,167.34741619163043,149.79508477561725,149.95768197083117,167.36404287285544,0.37404265094517986,0.3534086791682321,0.40173577086649187,0.37037009074297544,0.21265366688823503,128.94237111439128,114.80355872393274
90,-0.09774194657802582,-0.002843984169885516,0.04312630742788315,-0.3120810091495514,0.30362898111343384,0.016628004610538483,-0.3365185260772705,0.6364216804504395,0.12565544247627258,142.4442018916289,0.0975232645869255,0.0023247988428920507,-0.04225984215736389,0.250169575214386,0.373673677444458,-0.07910513132810593,0.46018683910369873,0.634210467338562,0.06841520965099335,146.7932796292761,142.4442018916289,147.04066085273405,166.81612172357617,146.7932796292761,148.61057638951436,167.3022829237004,0.37492542224526565,0.35104865072119235,0.40318539299048434,0.3657169958075061,0.21318070632709799,126.2685791058076,112.5087100781127
91,-0.09726826846599579,-0.0028312960639595985,0.04541261866688728,-0.3212805986404419,0.29924049973487854,0.015571561641991138,-0.3326015770435333,0.6319301724433899,0.12315872311592102,139.1441764659302,0.09698838740587234,0.0023112278431653976,-0.04471193626523018,0.2524820566177368,0.3734076917171478,-0.09402043372392654,0.4588852524757385,0.6292197108268738,0.04633120447397232,145.9947522003252,139.1441764659302,145.332529093256,166.73760323869502,145.9947522003252,147.816167155614,166.96167702120752,0.3772524122808006,0.3498365049461207,0.4053667408487985,0.35740824098812457,0.214206744301782,125.18535524983659,111.97491378610334
92,-0.09724351763725281,-0.0031692367047071457,0.046385783702135086,-0.323518842458725,0.2891881465911865,0.008284097537398338,-0.3283846378326416,0.6194475293159485,0.11784178018569946,136.28584020111978,0.09693506360054016,0.002652303781360388,-0.04582686349749565,0.2521143853664398,0.3738701641559601,-0.08883436769247055,0.45682835578918457,0.6274197101593018,0.05210808292031288,146.51883415963715,136.28584020111978,143.10608977304733,165.8363131712625,146.51883415963715,148.0410805345688,170.07168715783013,0.3716518541313643,0.3479911229753246,0.40463930503832823,0.35504923088141166,0.2150404242199979,123.5036123209009,112.12100807795267
93,-0.09611939638853073,-0.0032017980702221394,0.047222014516592026,-0.32147952914237976,0.28808698058128357,0.008380024693906307,-0.3252299427986145,0.6215811371803284,0.11804789304733276,136.1283554874842,0.09571520984172821,0.002691620495170355,-0.046743277460336685,0.25196167826652527,0.3737661838531494,-0.08555378019809723,0.45754194259643555,0.6272369027137756,0.055262889713048935,147.0973008117338,136.1283554874842,142.9804540648273,166.1259670819974,147.0973008117338,148.10289575654494,169.03073703049245,0.3703309900298704,0.3510832656756593,0.4044941848646203,0.3554433638802996,0.21369306171753652,123.65230253917868,112.03448766985022
94,-0.09566278755664825,-0.0033884260337799788,0.04759472236037254,-0.3194817006587982,0.2888239324092865,0.008939648047089577,-0.32019421458244324,0.6224878430366516,0.12408977001905441,135.519757181304,0.09520982950925827,0.0028889894019812346,-0.04716075584292412,0.251392662525177,0.3738213777542114,-0.08364388346672058,0.45686954259872437,0.6264875531196594,0.060387831181287766,146.90388956620285,135.519757181304,143.2651624723149,166.161642069694,146.90388956620285,147.845646834604,169.6073197814686,0.3701042867344991,0.3529754432271402,0.40412242286067507,0.35609841230059924,0.2131909063250043,123.10222518561996,111.81431978920445
95,-0.09512906521558762,-0.003491651499643922,0.04859451577067375,-0.3183012008666992,0.2891372740268707,0.019920548424124718,-0.31468215584754944,0.6234578490257263,0.1387135535478592,135.62492731025145,0.0946248471736908,0.0030008815228939056,-0.048217229545116425,0.25114327669143677,0.37357237935066223,-0.08527693152427673,0.4664779603481293,0.6242177486419678,0.054837215691804886,146.84836418979586,135.62492731025145,143.4488646608489,165.87283547465637,146.84836418979586,147.09308088484028,168.44583305060894,0.3691336974448033,0.3548170266781791,0.40397360717230213,0.35892074526668494,0.21312253349464508,122.87285666177914,110.82999584149727
96,-0.09470830857753754,-0.003791128983721137,0.049438025802373886,-0.3173063397407532,0.28768157958984375,0.02612166665494442,-0.3134734034538269,0.6205539703369141,0.14348116517066956,136.07888301135293,0.09416864067316055,0.0033124934416264296,-0.04911007732152939,0.2509419620037079,0.37803882360458374,-0.0841861143708229,0.47015342116355896,0.6237576007843018,0.06417927145957947,145.42090416124182,136.07888301135293,143.5091904946364,165.47553966554997,145.42090416124182,147.11788143172075,168.10930116969297,0.3674913276865756,0.35297587993248547,0.4077107126057545,0.3611698616970845,0.21315884227292134,123.04952332968534,109.66492433246546
97,-0.09342232346534729,-0.004048450384289026,0.051732562482357025,-0.31363645195961,0.28502464294433594,0.029712418094277382,-0.31455156207084656,0.6207529306411743,0.14043442904949188,137.44992429801727,0.09281039983034134,0.0035776039585471153,-0.051451679319143295,0.24841731786727905,0.3784116506576538,-0.08240508288145065,0.47611549496650696,0.6231066584587097,0.06466536223888397,145.57092509738203,137.44992429801727,143.9379173040585,165.8969670941184,145.57092509738203,147.0638618332098,168.3805938288224,0.3640637340273533,0.35351617260930707,0.40702848634693056,0.3651736881608032,0.21304406043614288,124.30955878142937,109.13162918002095
98,-0.09266982227563858,-0.004134087357670069,0.05344492942094803,-0.3134487271308899,0.2797977328300476,0.02782670222222805,-0.3154557943344116,0.6200389862060547,0.13376694917678833,137.2351457501497,0.09204842150211334,0.003662149189040065,-0.053129326552152634,0.24300681054592133,0.38007745146751404,-0.08181878924369812,0.4777965247631073,0.6219072341918945,0.06474220007658005,144.9059969107585,137.2351457501497,143.22845377029708,165.4662980354763,144.9059969107585,147.94291812382642,167.9069717413321,0.36057855858189874,0.3563586321985605,0.40657102735146566,0.3675431638668411,0.2134002880149163,124.64844947091052,108.93836701109433
99,-0.09177065640687943,-0.004236449487507343,0.0550011582672596,-0.3111753463745117,0.28011563420295715,0.02674953080713749,-0.3159200847148895,0.6232205033302307,0.12888237833976746,137.91143323965252,0.09114755690097809,0.0037593841552734375,-0.054596900939941406,0.2294338494539261,0.38034775853157043,-0.07855692505836487,0.4757183790206909,0.6225616335868835,0.0634949803352356,144.2805803906484,137.91143323965252,143.23388971193,164.6133757767065,144.2805803906484,149.91223599150754,166.87983282235143,0.3602675116258019,0.3580147794517506,0.40189051392036734,0.3735001667994084,0.21338870798935688,125.52452849167118,109.98897684849325
100,-0.090826615691185,-0.004248880781233311,0.05733385309576988,-0.31098294258117676,0.2676510512828827,0.01360542606562376,-0.32302361726760864,0.6211277842521667,0.08803100138902664,138.54500981124642,0.09021905064582825,0.003772041294723749,-0.05678234249353409,0.21857920289039612,0.3825225830078125,-0.07814595848321915,0.46995294094085693,0.6213335990905762,0.06387010961771011,142.90111023053967,138.54500981124642,141.34360887013594,165.5346541953498,142.90111023053967,152.78823973593768,167.30536147442947,0.3525770223039139,0.3614276481673234,0.40048059331303626,0.37468389501390564,0.2141596941213215,128.4195371501414,110.63469902466466
101,-0.09063437581062317,-0.003409221302717924,0.0572214275598526,-0.30922892689704895,0.2698778510093689,0.011983856558799744,-0.32721835374832153,0.6350426077842712,0.07494121044874191,140.40767883864964,0.09005055576562881,0.0029141332488507032,-0.05664139613509178,0.2205812633037567,0.38243502378463745,-0.0892404243350029,0.4690868556499481,0.6320921182632446,0.02515953965485096,145.8777698187044,140.40767883864964,142.20888136329802,166.58998591809836,145.8777698187044,152.54500525945056,167.40040582170596,0.3528680199276538,0.3709886082856646,0.40266247478882294,0.3703660972763456,0.2136627527934752,130.5916705491613,112.86347200302401
102,-0.09135357290506363,-0.002510179067030549,0.05627435818314552,-0.30574360489845276,0.27656325697898865,0.0025662274565547705,-0.32706940174102783,0.638367235660553,0.07261884212493896,140.76110590661526,0.09086160361766815,0.0019978326745331287,-0.05553610995411873,0.23315946757793427,0.38103824853897095,-0.09040284901857376,0.476023405790329,0.6381441950798035,0.02279626578092575,148.06518136834748,140.76110590661526,143.32409921172956,167.58824462552147,148.06518136834748,150.99197507679244,167.03312915385922,0.3559910558297814,0.36913991578080224,0.4063693005620985,0.3713494308896697,0.2138323490731619,130.18034940087088,112.68424817184962
103,-0.09135761857032776,-0.0015564268687739968,0.05633654072880745,-0.30508551001548767,0.2772218883037567,0.0029824543744325638,-0.326369971036911,0.638020932674408,0.07549992203712463,140.636238655272,0.090877465903759,0.0010436695301905274,-0.055565010756254196,0.23581045866012573,0.3806714415550232,-0.09306435286998749,0.47695669531822205,0.6359468698501587,0.02859586291015148,147.0727704810768,140.636238655272,145.18519357575298,167.99782881151637,147.0727704810768,151.45891642857484,166.19037170088822,0.3553077808361914,0.36862957262807505,0.40807967156036845,0.37164265074032804,0.21386524668427395,129.85391550311192,111.86219179668868
104,-0.09080743044614792,-0.0008829038706608117,0.05651245638728142,-0.3024478554725647,0.2766692042350769,-0.007628685794770718,-0.32409346103668213,0.6382189393043518,0.04435800015926361,141.47898603358405,0.09041007608175278,0.00037925547803752124,-0.055679578334093094,0.23603245615959167,0.380590558052063,-0.08813481777906418,0.4740268886089325,0.6351439952850342,0.03585459664463997,147.50262687238515,141.47898603358405,148.0364155427525,169.1762512850361,147.50262687238515,153.76609923507837,166.78249983003198,0.3548815694562338,0.36590894862709167,0.40843586369465906,0.36988130146458753,0.21313946226199723,132.59999864438592,112.06289645229754
105,-0.08997853845357895,-0.0007063226075842977,0.056454360485076904,-0.30223560333251953,0.2835354208946228,-0.01895439252257347,-0.3243212103843689,0.6464508771896362,0.03986865282058716,140.72670102414378,0.08970610797405243,0.0002155777910957113,-0.055616166442632675,0.23375676572322845,0.3809758722782135,-0.09125654399394989,0.4692228138446808,0.6389678716659546,0.0320453979074955,147.56452040832136,140.72670102414378,149.36404955705328,169.47966924960778,147.56452040832136,154.02338953965483,167.06877959953306,0.3626746618808186,0.3683144758492531,0.40865539317117466,0.37041530805662676,0.21177163423844675,131.7815552669665,112.85391543939902
106,-0.08970034122467041,-0.0004126063431613147,0.05655408278107643,-0.3022949695587158,0.28508737683296204,-0.02640461176633835,-0.3259804844856262,0.6467931866645813,0.03956291452050209,139.78381252977962,0.08946988731622696,-6.339164974633604e-05,-0.05567563325166702,0.23385003209114075,0.3814094364643097,-0.08904670923948288,0.4657273292541504,0.6417369246482849,0.0443003810942173,147.15702774728604,139.78381252977962,149.39503548498882,169.1703586388881,147.15702774728604,154.35772715575166,166.38073676302704,0.36549810039324265,0.36843426958917025,0.4092441490200511,0.3732545090742568,0.2114180737474678,130.39689854920854,112.99385732881903
107,-0.08965390175580978,-0.00035283141187392175,0.056696221232414246,-0.3015381097793579,0.2852343022823334,-0.029847662895917892,-0.32681968808174133,0.6450145840644836,0.043617457151412964,139.0525257210925,0.08943451941013336,-0.00012258546485099941,-0.05575668811798096,0.23423463106155396,0.3813348412513733,-0.08307980746030807,0.4682394564151764,0.6421079635620117,0.05911855027079582,146.8577081272508,139.0525257210925,148.7599441234736,169.09134079746883,146.8577081272508,153.59278874204037,165.90394606916104,0.3659846614565389,0.36807354322780617,0.4089295704419314,0.37812861905685147,0.21146718996164524,129.1045502328619,112.48033079578992
108,-0.08667954057455063,-0.0003447825729381293,0.05923490226268768,-0.296752005815506,0.2933594286441803,0.015815669670701027,-0.32726597785949707,0.6502103209495544,0.07000908255577087,145.72536889244236,0.08649217337369919,-0.00012978061567991972,-0.05823875963687897,0.2317524552345276,0.3837125599384308,-0.08840274065732956,0.4749119281768799,0.6472169756889343,0.02619917131960392,149.16538241663878,145.72536889244236,152.1146779912466,169.96887802248173,149.16538241663878,153.46132676309588,166.1861650664799,0.3637001980999724,0.36223002060731363,0.4115159263495732,0.3764235707688688,0.20925713841517996,133.9701826911325,113.29660238572049
109,-0.0844087302684784,-0.00033682514913380146,0.05935973674058914,-0.29344332218170166,0.3036936819553375,0.029921801760792732,-0.3273838758468628,0.659429669380188,0.080836221575737,148.36536572399382,0.0842580571770668,-0.000137682247441262,-0.058355435729026794,0.22928465902805328,0.3852807283401489,-0.08814693242311478,0.4756321609020233,0.6479185223579407,0.01731002703309059,149.74036094407467,148.36536572399382,153.0802113863874,170.22566926126083,149.74036094407467,154.0859634553437,166.7188761151473,0.3701305200634021,0.36096029155202575,0.41287722114398934,0.37521576835712195,0.20568273304934337,135.46656460062312,113.4103083596577
110,-0.08420245349407196,-0.00012243408127687871,0.05957445129752159,-0.28371793031692505,0.3125379681587219,0.031385596841573715,-0.3256062865257263,0.6700387597084045,0.08068939298391342,151.48462486713416,0.08406317234039307,-0.000347919441992417,-0.05854444578289986,0.22484153509140015,0.3855400085449219,-0.09238296002149582,0.4754871726036072,0.6547650694847107,-0.00852531474083662,151.25776026560115,151.48462486713416,154.65992218961932,170.83838202094543,151.25776026560115,155.2371863317239,167.85816674444948,0.37196446622798107,0.3633074657347003,0.4121566273041885,0.37727638902262434,0.20558561605474074,136.94217871970906,114.96219108259066
111,-0.08195500075817108,0.0002957857504952699,0.06049545481801033,-0.27942755818367004,0.31351402401924133,0.028503118082880974,-0.3237975835800171,0.6756218671798706,0.05843808129429817,153.00958458268045,0.08184528350830078,-0.0007593053742311895,-0.059363603591918945,0.21809101104736328,0.38561636209487915,-0.10405206680297852,0.4739837646484375,0.6543157696723938,-0.03949587792158127,151.03224446610497,153.00958458268045,155.64783093985872,171.36824923053948,151.03224446610497,155.50809083832047,169.33002017242796,0.37165116080824756,0.3660421987347692,0.41212390543259586,0.3766271027169156,0.202972511010662,139.0260590973528,115.15479636323046
112,-0.08128949999809265,0.00048496873932890594,0.060566700994968414,-0.27547550201416016,0.31204742193222046,0.01045738160610199,-0.32387709617614746,0.6728844046592712,0.03011082112789154,153.4404021959514,0.08120551705360413,-0.000932307040784508,-0.05939656123518944,0.21004033088684082,0.3881177306175232,-0.10684897005558014,0.4655250012874603,0.6539567708969116,-0.02524617128074169,148.24059627584452,153.4404021959514,156.69990942603263,172.60464375806782,148.24059627584452,158.97989426706718,169.75031417941875,0.37052706987232703,0.3645988207688285,0.4125652338239771,0.37762657336880606,0.20198471110994945,138.99355006496603,115.30866285183106
113,-0.07414737343788147,0.0005152236553840339,0.06346587836742401,-0.2679159939289093,0.29664546251296997,0.009321436285972595,-0.31694984436035156,0.6663894057273865,0.01246637012809515,152.85113908241362,0.07415792346000671,-0.0009666665573604405,-0.062177419662475586,0.19304417073726654,0.38710466027259827,-0.10281401872634888,0.461387574672699,0.6502169370651245,-0.0404602587223053,147.78873695323423,152.85113908241362,156.74440204509463,174.0604851847416,147.78873695323423,162.685916504286,171.30414363749682,0.35800980050992814,0.37299436006560477,0.4079027184056419,0.3809517607535677,0.19437822775816113,138.23804873384222,115.74363573221814
114,-0.07359641045331955,0.0004932348383590579,0.06416994333267212,-0.2706016004085541,0.28824326395988464,0.008442425169050694,-0.3171602487564087,0.6592317223548889,0.014280305244028568,151.08705628398434,0.0736231580376625,-0.0009400099515914917,-0.06285225600004196,0.19572792947292328,0.38813820481300354,-0.10190602391958237,0.4546048939228058,0.649868369102478,-0.029856504872441292,148.2204897290741,151.08705628398434,154.9959195363866,173.44765245779175,148.2204897290741,162.24290718784752,173.60262286937493,0.3531524888903002,0.37394414668777853,0.4096542800952712,0.37511477552437916,0.1944486941602299,137.35924828682786,116.0087506154945
115,-0.0747361034154892,0.0005274713621474802,0.06380832195281982,-0.27402323484420776,0.2880341112613678,0.005231422372162342,-0.317408949136734,0.6582615375518799,0.018102968111634254,149.79691702217318,0.07479634881019592,-0.0009683232638053596,-0.062486130744218826,0.19813308119773865,0.38918185234069824,-0.10167195647954941,0.45274460315704346,0.6498346924781799,-0.006126026157289743,146.65704836570933,149.79691702217318,153.67700862546388,173.05087814239914,146.65704836570933,162.0982534499209,172.43280964496086,0.3546923764386679,0.37298303456335996,0.4110530841859978,0.3766907949330794,0.1957357413765671,137.1835297474612,115.43437533521364
116,-0.07750961184501648,0.0005339359631761909,0.06359025835990906,-0.2733873724937439,0.28466135263442993,-0.00559438019990921,-0.31930816173553467,0.6515821814537048,0.017231879755854607,148.90872512476628,0.07752799242734909,-0.0009753331542015076,-0.062235649675130844,0.19985975325107574,0.38912233710289,-0.08743833005428314,0.45322558283805847,0.636589765548706,0.04637252911925316,143.18968712515422,148.90872512476628,153.70748360261638,172.05776758668944,143.18968712515422,163.20973033434527,169.24949875595624,0.3519701695224939,0.37048704653412745,0.4096052088835513,0.3786023214094771,0.19967747936266025,135.8716715363492,113.06216237590792
117,-0.07855673879384995,0.000544222304597497,0.06353621184825897,-0.28700023889541626,0.2763097584247589,-0.005863306112587452,-0.3236016631126404,0.6414856314659119,0.020123224705457687,145.20572003439005,0.07859132438898087,-0.0009855953976511955,-0.062184806913137436,0.20733784139156342,0.38801637291908264,-0.08738584071397781,0.45384931564331055,0.6226477026939392,0.04993260279297829,142.51561023197104,145.20572003439005,150.4883137956587,171.7064255324282,142.51561023197104,160.98642519837944,168.7995523901591,0.3525785256356796,0.36792442469895187,0.41052806128110236,0.36698245567991444,0.2012551332580625,134.44893513201376,111.10700770501472
118,-0.07815235108137131,-0.0003376496024429798,0.06502977013587952,-0.29055213928222656,0.265460729598999,-0.0056411805562675,-0.3335322141647339,0.6264711022377014,0.02056376449763775,144.5880266027107,0.07814031839370728,-0.000138443210744299,-0.06356661766767502,0.2000696063041687,0.3871079981327057,-0.08215123414993286,0.4481632709503174,0.6046750545501709,0.05684921517968178,140.27241448537495,144.5880266027107,151.134690549713,171.0069660814642,140.27241448537495,160.5471661078102,167.92443972225735,0.3475008369567095,0.36450305229849433,0.4064135154658502,0.35806007231964715,0.20239681116795008,131.9586316669672,109.75146674747592
119,-0.07612986117601395,-0.0007390285609290004,0.06708455085754395,-0.29113492369651794,0.2656480073928833,0.005346816033124924,-0.33648681640625,0.627469003200531,0.021433759480714798,145.90377200674743,0.07612426578998566,0.00026468117721378803,-0.06557802110910416,0.19545042514801025,0.3865129053592682,-0.08199408650398254,0.44555097818374634,0.6000913977622986,0.053081728518009186,139.9530907641934,145.90377200674743,152.2910620159393,171.84754390677261,139.9530907641934,161.6083376546032,168.731581206648,0.3478516605321208,0.3650068724408882,0.4045935122984255,0.35554399847246426,0.20194475633752726,132.4030343193219,109.60074289707109
120,-0.07622412592172623,-0.0008747625979594886,0.06710346043109894,-0.2997928857803345,0.2668459713459015,0.008337277919054031,-0.33837100863456726,0.6287266612052917,0.021958375349640846,144.37454733808931,0.07621601223945618,0.0004038653860334307,-0.06561636924743652,0.19533535838127136,0.386474609375,-0.08072792738676071,0.4432791769504547,0.6004419922828674,0.05741694197058678,139.97798936226502,144.37454733808931,150.84179223991347,171.62354154846088,139.97798936226502,161.87533173443754,169.4173217156754,0.3537101157377247,0.3641859958198256,0.40431225207609767,0.3554464559464177,0.20212417916226968,132.74075221674357,109.73440360422201
121,-0.0762801244854927,-0.001216034754179418,0.06707504391670227,-0.3032316267490387,0.2639133036136627,0.008034243248403072,-0.33829423785209656,0.6251265406608582,0.021131301298737526,143.22028107984923,0.0762624740600586,0.000745452824048698,-0.06559641659259796,0.19597934186458588,0.38712212443351746,-0.07786314189434052,0.4439539611339569,0.6034349799156189,0.06935890018939972,139.8189392626345,143.22028107984923,149.83509005074916,171.29738457850232,139.8189392626345,161.83833912366964,169.24681249451191,0.3539581424216766,0.36314724595548226,0.40468448617480546,0.36049548252913877,0.202175191945549,132.59138004536993,109.57283191127848
122,-0.0763435959815979,-0.0017878686776384711,0.0672484040260315,-0.303279310464859,0.25942903757095337,0.002167642582207918,-0.3382730782032013,0.6205376386642456,0.015409487299621105,142.49788120313355,0.07632114738225937,0.0012896463740617037,-0.06574401259422302,0.19673468172550201,0.3902137577533722,-0.07797382026910782,0.44427311420440674,0.6029798984527588,0.06890802085399628,139.43749684842916,142.49788120313355,149.52543089420067,171.22008860909276,139.43749684842916,161.58750779812468,168.63014312684646,0.3520931639896204,0.3630417772317665,0.40732168105931,0.35793711938542677,0.2024919204406467,131.9776508074903,109.18535243925768
123,-0.0777478814125061,-0.00192341860383749,0.06679193675518036,-0.3028508424758911,0.25937309861183167,-0.007754496764391661,-0.33816322684288025,0.6206549406051636,0.012191355228424072,141.83916251413348,0.07767805457115173,0.0014156833058223128,-0.06533166021108627,0.203437939286232,0.3914620280265808,-0.07518855482339859,0.4498612582683563,0.6044246554374695,0.07824505865573883,139.689113596078,141.83916251413348,147.63214613354322,170.91326176617457,139.689113596078,160.05376012292695,167.58963283282864,0.3528517872124644,0.36355105673824706,0.4099376269689979,0.36002695254269523,0.20402209697300844,131.3712311289344,108.34297189466616
124,-0.08031779527664185,-0.0019290144555270672,0.06641895323991776,-0.3055465519428253,0.25971490144729614,-0.019400808960199356,-0.33950918912887573,0.6211062073707581,0.012204724363982677,140.1384215967814,0.08021826297044754,0.001420455751940608,-0.06502121686935425,0.2068859338760376,0.392169326543808,-0.07523597031831741,0.45039311051368713,0.6160722970962524,0.07398360967636108,141.57004596886478,140.1384215967814,143.494336150169,169.76831387821414,141.57004596886478,158.07213085925605,167.85100317164319,0.3557394596364637,0.36435703157535265,0.41089380631227507,0.36289773814400733,0.2075079836212042,130.03341759595853,110.08084410650702
125,-0.0813973993062973,-0.001937330816872418,0.06638526916503906,-0.3054965138435364,0.26055318117141724,-0.026997143402695656,-0.3402574360370636,0.6233022809028625,0.0006155389128252864,140.22669507159947,0.08127397298812866,0.0014263849006965756,-0.06499317288398743,0.20718930661678314,0.3939216732978821,-0.07249988615512848,0.45028477907180786,0.6274282932281494,0.07136759161949158,143.32316148755118,140.22669507159947,142.85092314140638,169.97724257880262,143.32316148755118,157.8388351391782,168.20817866459947,0.3575499363686416,0.3654554573301326,0.4122663864553358,0.3664950223954219,0.20912576355583204,130.25696566982216,111.76221699698509
126,-0.0822129175066948,-0.001967915566638112,0.066263847053051,-0.3055528402328491,0.2610023617744446,-0.028444981202483177,-0.34029489755630493,0.6238021850585938,0.002532526385039091,139.98804619308,0.08207572251558304,0.0014549818588420749,-0.064909927546978,0.20983555912971497,0.3938387930393219,-0.07635899633169174,0.450186163187027,0.6323826909065247,0.06254465132951736,144.30922013094508,139.98804619308,142.21522956770193,169.46384278440357,144.30922013094508,156.87100128603623,167.53290862693711,0.3577762568948739,0.3657736025172007,0.4128180135413488,0.3660134251827145,0.2102594411910537,129.99713103851255,112.56974232034933
127,-0.0831785500049591,-0.0019801792223006487,0.06580590456724167,-0.30534496903419495,0.2613981366157532,-0.028528990224003792,-0.3405003845691681,0.6242412328720093,0.0031718399841338396,140.16748603902437,0.08302822709083557,0.0014651987003162503,-0.06451127678155899,0.21608835458755493,0.3933841288089752,-0.07642494142055511,0.4502653181552887,0.6355287432670593,0.05941776931285858,145.83673198897839,140.16748603902437,142.06051603734315,169.53796949395849,145.83673198897839,156.06770579441988,166.82953492578648,0.3572465918287241,0.36591796673318533,0.4140620493502026,0.3632163358609574,0.21123241024117734,130.06413877969823,112.9877693571776
128,-0.08369537442922592,-0.0020384679082781076,0.06544976681470871,-0.3075002133846283,0.2615218460559845,-0.027316860854625702,-0.34250596165657043,0.6244876980781555,0.003511444665491581,140.1911541264279,0.08353264629840851,0.0015170510159805417,-0.06420528143644333,0.21731162071228027,0.3935421407222748,-0.07634229958057404,0.4477560222148895,0.6381576657295227,0.0594552680850029,146.37627354172167,140.1911541264279,141.55538812520888,169.75959297288298,146.37627354172167,155.88676844283077,166.81224802568303,0.3579920281876891,0.365950811677609,0.41440052143293254,0.3624670421463919,0.21163242702457358,130.08709390105147,113.52928640838977
129,-0.08398818969726562,-0.0020431585144251585,0.06536572426557541,-0.30766743421554565,0.2622746229171753,-0.028744397684931755,-0.34299734234809875,0.6254147291183472,0.004571964032948017,140.03078410676417,0.08383505791425705,0.0015209999401122332,-0.06414207816123962,0.2180827558040619,0.39365753531455994,-0.07961109280586243,0.4431392252445221,0.6457509398460388,0.05577612295746803,147.23643040947914,140.03078410676417,141.19932193847194,170.0776787966892,147.23643040947914,155.732143029693,166.514434747785,0.35882169536237796,0.3663726505875809,0.4147683656913378,0.36404834464315755,0.21201324617530495,129.82802464473468,114.81137946900523
130,-0.08408641070127487,-0.0020373479928821325,0.06534071266651154,-0.3079700469970703,0.2625332176685333,-0.033796679228544235,-0.34481513500213623,0.6260226368904114,7.521511724917218e-05,139.8222422580315,0.08393002301454544,0.0015124283963814378,-0.06412108987569809,0.2179810106754303,0.3943784236907959,-0.07937666028738022,0.4330251216888428,0.6508432030677795,0.05580979213118553,148.26449452518938,139.8222422580315,140.57773457201696,169.93511558751845,148.26449452518938,156.19814510529343,166.56372163652134,0.3604853523892243,0.3669188242962356,0.4153866752558577,0.36096195043238405,0.21213788258694977,129.3769182937846,116.3225858155954
131,-0.08455059677362442,-0.0021893370430916548,0.06526641547679901,-0.3098214864730835,0.26269665360450745,-0.03348381444811821,-0.3471617102622986,0.6255245804786682,0.006580095272511244,139.30368980771408,0.08440040051937103,0.0016574547626078129,-0.06406661868095398,0.21919956803321838,0.394970566034317,-0.08112340420484543,0.4290770888328552,0.6549980640411377,0.05576431751251221,148.57728617334914,139.30368980771408,139.5037365831979,170.2010006910905,148.57728617334914,155.75239185253076,166.32165046514464,0.36147360857685007,0.36693802432363526,0.4161213200414829,0.3611109549898173,0.212805711901595,128.53740783241963,117.0027438792957
132,-0.08486936241388321,-0.0023395575117319822,0.06515144556760788,-0.3130893409252167,0.26284828782081604,-0.0327775776386261,-0.35016781091690063,0.6244590878486633,0.017040738835930824,138.26724216503717,0.08470918983221054,0.0017954546492546797,-0.06397277116775513,0.21923860907554626,0.395248144865036,-0.08108185976743698,0.42066895961761475,0.6533343195915222,0.070445716381073,147.09631919053817,138.26724216503717,138.56130033315816,170.19339508486303,147.09631919053817,155.79571509230308,166.17023849136822,0.363316728888115,0.3669046855656971,0.4161681210673116,0.36075374708780705,0.21318313032454903,127.13381194164428,116.65885094787248
133,-0.08682431280612946,-0.002651425777003169,0.06280723214149475,-0.31097134947776794,0.2641698122024536,-0.044112276285886765,-0.3471131920814514,0.6209236979484558,0.0195454191416502,136.6200101866695,0.08663520961999893,0.0020913444459438324,-0.061634693294763565,0.23118726909160614,0.39463430643081665,-0.07641685009002686,0.42264583706855774,0.6521768569946289,0.09192973375320435,146.3598194875865,136.6200101866695,138.27165065733888,170.0773761203535,146.3598194875865,155.13591022821083,164.00839886978582,0.36450959982957876,0.36418658675026194,0.4185735145238648,0.36238808050815474,0.2135333524205797,125.45875484378217,114.97752728760133
134,-0.08859284222126007,-0.002719300100579858,0.06228003650903702,-0.3107139468193054,0.26658791303634644,-0.044015347957611084,-0.3402470648288727,0.6171613931655884,0.034337740391492844,134.77798588535927,0.08839255571365356,0.002151679014787078,-0.06114470586180687,0.23441599309444427,0.39200037717819214,-0.07240808010101318,0.42382606863975525,0.6494206190109253,0.10859023779630661,145.4455311822341,134.77798588535927,137.37857291313546,169.90170624482698,145.4455311822341,154.39922554249802,162.8975578437032,0.3649148789983031,0.3604347048816713,0.41645133608076684,0.36728973400431775,0.21582683926942742,124.12787915303032,113.90628722146775
135,-0.08994299918413162,-0.002718878909945488,0.062096696346998215,-0.30953744053840637,0.2688326835632324,-0.04567833989858627,-0.320531964302063,0.6173574924468994,0.03738094121217728,132.26131090769917,0.08972570300102234,0.0021485581528395414,-0.06098879128694534,0.23498977720737457,0.38927721977233887,-0.0725429505109787,0.42469510436058044,0.6395478248596191,0.10662277042865753,144.9093059308031,132.26131090769917,136.51802933727978,169.258048437941,144.9093059308031,154.22894711721358,162.7868870344446,0.3654824594875345,0.3584539944523189,0.4136468910770486,0.36155752305944056,0.21784070270393316,124.46991336711869,113.17724036421993
136,-0.09053504467010498,-0.002642309758812189,0.060152605175971985,-0.3037436306476593,0.27848950028419495,-0.04292009770870209,-0.3056690990924835,0.6192899942398071,0.048090361058712006,132.04598015056857,0.09031155705451965,0.002073571551591158,-0.05909644439816475,0.2410026490688324,0.3879249393939972,-0.07262831181287766,0.4274894893169403,0.6344107389450073,0.10872134566307068,144.39381811677652,132.04598015056857,138.66321183149014,167.68515224641203,144.39381811677652,153.70707648679593,162.59238538513074,0.36758261361571215,0.3527486183022925,0.4144540924083766,0.3583577670885171,0.21667503020932924,124.9351753140149,112.04696960718047
137,-0.09048322588205338,-0.0024912182707339525,0.059882037341594696,-0.3036799132823944,0.2892261743545532,-0.018229400739073753,-0.29989299178123474,0.6248545050621033,0.07109423726797104,134.58101253638517,0.09025628864765167,0.0019257590174674988,-0.05885186046361923,0.24192707240581512,0.3879106342792511,-0.07707078009843826,0.4308660924434662,0.6332866549491882,0.10659638047218323,143.41839128055784,134.58101253638517,141.3484213850037,167.481629581716,143.41839128055784,153.28216304506878,163.07765402247355,0.3696664191370441,0.3473318722127385,0.4151147788375285,0.36005689923215717,0.2162961402540899,127.18888527493658,111.36816399239271
