frame,r_knee_angle,r_hip_angle,r_ankle_angle,l_knee_angle,l_hip_angle,l_ankle_angle,r_thigh_length,r_calf_length,l_thigh_length,l_calf_length,hip_width,r_knee_flexion,l_knee_flexion,r_quad_width,r_calf_width,l_quad_width,l_calf_width
1,161.35543236424434,165.24004471888412,165.8494828639001,146.41558128726328,151.34881557749688,165.2626023096303,0.3802980003426812,0.35840675597631716,0.38987835882532906,0.37667258062517955,0.23274624891367315,161.0612013317727,145.33634690914053,0.09418003416317144,0.10444701800114585,0.09922768200949045,0.11186408137521124
2,156.84194062939707,157.78211174822215,166.0216810592586,144.5759988731796,148.92943978071347,163.9216460563375,0.38095171190118354,0.3552873646654359,0.38968055553167774,0.3753409797698719,0.23359640334729237,156.5406586586192,143.86317367083998,0.09299098718640007,0.10565054633722733,0.1037917536735576,0.11121792441888531
3,152.60740761435383,153.5150078965384,166.1831625951712,140.5449644676545,146.04278894844407,162.87727246094204,0.3781668892985724,0.35297981088419,0.3873745890541116,0.3765777398589663,0.2344196267972524,152.29526917186038,140.18772312065434,0.09248087154612117,0.10601445793368607,0.10813104266328936,0.11158479901843776
4,154.08709636412144,155.63264898612732,165.55942139048258,139.07016297064726,143.48397733807013,164.92503467624934,0.37540268096231505,0.35343085510887967,0.38528879589731985,0.3764728579633574,0.23440473078520502,153.82225193269156,139.04422702970524,0.09113517802440087,0.1065966955080353,0.10852862437812504,0.11287416667084849
5,153.87358991291381,154.63995828467552,166.21024365850087,139.9127108556564,145.52177399535492,165.10968017717292,0.37382002180746055,0.3542203853438685,0.3825257247508196,0.37386645171176675,0.23273944155965393,153.65063690017953,139.35805119712862,0.09210657518109458,0.10661426792007868,0.10813972222136832,0.11184133531028473
6,155.56658359998792,162.24008000936232,163.75079614829338,137.2415945367121,144.84218295481085,165.16002445474405,0.36858188462919345,0.3616423998367724,0.3782532574688833,0.37357524814447457,0.23124202397323024,154.85730153058705,135.1748658668824,0.09412372747239994,0.10443644195138453,0.10460485472785455,0.11118103864395654
7,157.62520816021186,163.21802104233032,163.65197880794955,137.90432900618333,145.45070579452337,165.16838067191318,0.3677449221752567,0.3624499846508657,0.3788841790616558,0.37503264218556653,0.2294330909492956,155.97216686430252,133.14493424377702,0.09390325895973878,0.10418839769396968,0.10722367801745533,0.10929072715645362
8,154.8121517790887,163.25278977716536,162.93476682973179,137.46931655311994,144.77387423472567,164.62821655710925,0.3673555627701638,0.3669155671715698,0.37574091155275513,0.3746086411727069,0.22778625374606873,151.15921353841603,128.25882622330718,0.09352377514548707,0.10081851171822094,0.11084001938610882,0.10834119098609854
9,153.54489313930395,165.26367660771575,161.87032249182388,138.58359812548773,144.1724635294438,164.11453663193853,0.36763355047250657,0.3726460595539842,0.3795782714878724,0.363085693830521,0.22792964942033375,146.041084956877,124.94438724657195,0.09227249311497454,0.09838151863143892,0.1182449339366621,0.10435644075173613
10,159.01743921358218,170.0847227776981,161.3720715288972,148.9082571659228,145.135703307969,165.98469747655568,0.37191039043435975,0.3659595559391412,0.3759240436476377,0.36424241737645047,0.22678841691716708,144.6883605168478,127.0930480385747,0.09516605469844502,0.09465714486998421,0.12417141239969884,0.10446595081571862
11,160.5903289907656,170.28624876226172,161.20270202799892,155.32695969564068,146.73914639841203,166.20358991526612,0.3737307465164542,0.35984163998492197,0.37464453193230396,0.3665954953700621,0.22659557396690916,146.12770144298872,125.51192238761854,0.09622210186337869,0.09320755246879932,0.12495085922180778,0.10561222820861678
12,159.47623699344467,170.73297265545392,161.27763175450747,156.11164879218975,148.57519074527812,165.6691307573032,0.3763032621904709,0.3617661311858246,0.380529425966757,0.36699751567956573,0.22651262400581987,144.5322273366057,122.89321168406273,0.09871070057469696,0.08964020145205118,0.1257053408454758,0.10684275395951444
13,158.24037450687075,169.14065059472242,161.69847787785125,158.4106806145221,150.01724918462455,165.85735313095938,0.376295799061286,0.3609669370844294,0.3884044190362916,0.3644558253039184,0.22678863171184133,144.93109104291295,121.24116220635332,0.09987766496615387,0.08867540876484234,0.12913487248509212,0.10966196021840875
14,157.72121096164085,168.71680195773516,162.2306329121487,158.30835869283158,151.3448612428546,165.79237775736186,0.3761327547154378,0.3622373323432344,0.39119121256989053,0.3592809834536207,0.22704051207203868,144.62016123786316,119.97176923280722,0.10165202352979483,0.08784362407678901,0.13387648187949003,0.1096708806119529
15,157.7884110634724,168.31494636027242,162.22867135079875,160.86503373680534,151.5898684896022,165.7929052534048,0.37664112693897206,0.36262814530081067,0.3958363756066572,0.3622311126874016,0.22713948080519464,145.15092937363943,118.74297970223452,0.10138323192519938,0.08805093651422036,0.13422482475696806,0.11100928592513984
16,159.49046256139258,168.928418943278,162.28421312973217,163.86087145067637,152.72600077319754,166.51374963877194,0.3781067843739616,0.3651188679389776,0.39700200497859306,0.35915647878646384,0.227591706345124,145.0200746679972,119.78538526418711,0.10114464404581955,0.08928965732028943,0.1312327506074837,0.11290940345989185
17,159.01719343335282,169.28329519557533,162.3913252354331,161.81164602295678,153.23255316850535,166.50240233354245,0.3790740184287887,0.3718225813416929,0.39827487911416265,0.3554492414252464,0.22965196751254202,141.95660868500605,120.73482422898822,0.10051639109296977,0.09203439224347286,0.13136257888630073,0.11078446461332699
18,159.00095844304957,168.2787838381505,163.63388471357578,159.6684278828334,155.30081458562879,162.07233791794033,0.3774723557747587,0.37339209473395457,0.3982604084600052,0.3512097009292584,0.2330252897648979,139.06283999114459,122.0584558423804,0.10009729908547396,0.09715504260788424,0.12928200323372682,0.1090132151432126
19,160.54719365223286,165.5115929755543,165.17454333107656,167.93819162846842,157.099701202455,171.14886427299462,0.37894320375869694,0.38528234326544863,0.3961729419066575,0.35497297447397513,0.2258333433413795,133.6049513683663,124.71687222155434,0.10107750516854519,0.10240061774849658,0.12953230752114492,0.10689485750480802
20,159.26475952037842,164.67921835886563,165.98936393149464,167.8427955219246,156.25725553891013,166.76853446849316,0.3796321418727967,0.392390020520946,0.3840927666538591,0.3566315064175579,0.22592284826312617,129.96217904085847,128.20184847090502,0.10078148148838946,0.10888120104321627,0.1316588588888641,0.10532614144952038
21,157.09929467764363,164.78394938925123,165.92785404062877,156.4131778818134,151.79856679149876,166.69423132767935,0.3772166664434433,0.38509522765837206,0.3826529042832029,0.355782594153234,0.2276471051178293,129.65614504541293,128.56095890085803,0.10025370885563994,0.11959980119911906,0.13123864516011224,0.10191225226235197
22,153.9771063681603,165.38324726590085,166.24499218675456,153.88649377788806,150.46747617142395,165.58973092062226,0.3724756992116705,0.38318490362459073,0.3809671333106982,0.3563583360712918,0.22755268187580852,129.78602538946748,129.20494093462105,0.10052922604085762,0.12760132967076715,0.133425609831507,0.09784604773682067
23,152.64345505298778,164.67940027007958,165.81772600089994,150.61654795129516,148.5239255221653,165.31425241722644,0.36912534118486307,0.379694414976304,0.3786632285715557,0.361378473490353,0.22953514682161807,131.14822772340216,129.4403358160365,0.10274755454828291,0.12713241641490372,0.13212657128392918,0.09629373004688162
24,150.53308057737652,163.00627564296482,164.92154101705378,147.28609367977094,146.66759722726874,165.4696906472523,0.36725071488864286,0.37294464069144717,0.37621018331418515,0.3621692608174391,0.22896420134649662,128.30144846331112,128.49310097020447,0.10251612045417978,0.12447368614364629,0.13100083528968706,0.0954206040662503
25,150.0831228528557,161.79790412660827,165.09287266027326,145.35393343194033,146.330103257637,163.8482433297228,0.36446937045854777,0.3722216012974142,0.3738111489751355,0.36512668452087393,0.2295229412917466,129.09425340355992,127.69401648743327,0.10302912813984179,0.12455316280303493,0.13200879705170274,0.09490624888034796
26,150.24732626714194,161.84632574086405,165.1450427210709,144.07683276874943,145.73471886167067,163.98340552983814,0.36332343152624824,0.37470699427118914,0.3726036490964506,0.3657508975759205,0.22973151505031897,128.8436845321786,128.36982454660563,0.10357340251099703,0.12398826720494242,0.1307827923462315,0.09467452723561352
27,148.18435468924756,157.05824408068693,168.41955067249143,145.2089922142074,146.4962915559823,162.66069115195276,0.3581717881632547,0.37010524412307244,0.3689203605129692,0.3668973406916279,0.23060007385177242,129.83369292121338,130.47970382263367,0.10564100745191918,0.1267562230545436,0.12801677197113107,0.09460984055240906
28,145.9332593316163,154.63861019738002,169.30364115479762,146.17662418757547,146.87756948461697,161.05861073951314,0.35473874927493476,0.37878223902734937,0.3657039301188644,0.36883767901911996,0.23144930142528847,126.80076801066835,130.80773881205764,0.10705680831826332,0.12893595154547102,0.12451702215567557,0.09436890177601176
29,147.2317323815586,152.11054971329193,167.8789174256829,145.63602848330288,146.66341368898318,160.77738463381053,0.35452783361910495,0.3804092384573605,0.3628316247114856,0.36924168383284023,0.23152364589783778,126.11886720453757,130.29977666896892,0.10681987331808732,0.13118319352480443,0.12310933722668752,0.09411278817377006
30,146.19255167723162,152.09593749374608,168.13815503116857,145.74403071963567,146.11464343759602,160.60833498092762,0.35373272841538556,0.38563929511952616,0.3547575408181736,0.3709764683055219,0.23341257044458022,124.68107460436164,129.58375423589345,0.10600318477930182,0.13489042250195252,0.12302422048169732,0.09403167614897999
31,145.22237116251122,153.44853955791186,167.71410295709666,145.30756286661284,144.65255575841954,161.3300485575724,0.35291698278376743,0.3844845398138713,0.34534391062389364,0.3720366189030726,0.23405533276820972,123.65171764291438,130.60580521986904,0.1068494654369705,0.13569241445475877,0.12149724329797762,0.09411157584526314
32,142.9578637451459,155.26260957734843,167.28828346413852,144.33274236668765,145.90746309019124,161.44843438345237,0.35394950287481836,0.3920602020799106,0.3365074916675858,0.3709389299931311,0.23538264011713259,119.28820658929253,130.05500704560683,0.10710377576776357,0.13627882910282235,0.11644530966297775,0.09375018396543498
33,144.4307569895741,159.08485300459452,168.73256366462456,144.19850782510542,146.31934382964084,162.47151865724254,0.3553553449601969,0.38552389931457787,0.33376595457896063,0.37352665147632735,0.23983422329803278,119.08436155960251,129.90834651246578,0.10752614043948991,0.1416317764854565,0.11510745345463742,0.09411523518694695
34,143.7709140189127,162.35214028981378,170.328455280467,153.01000948824705,144.15738399126354,162.94527348528584,0.3557229115759934,0.39617536550532734,0.3372984467042295,0.38307192355616876,0.23702449116929258,116.71700059667316,127.2591798059854,0.10673055540516393,0.14671426753186453,0.11616899188315087,0.09443768894286664
35,145.14772285773134,163.44225585897416,170.32715529708597,156.01077302250116,145.75592650466731,164.07704417410622,0.3564558852642775,0.402383310485729,0.3493946929755688,0.37640445333551326,0.2261945368822914,115.82380075391482,129.00884507812026,0.10688408050163048,0.15261578439200763,0.12060863439068367,0.0958693322096109
36,149.7697895796177,162.8071401684995,169.5575524353366,154.27934581022222,149.31901618476303,164.53354703340872,0.3601348006418805,0.4024054837325983,0.346087157819989,0.37473774631536577,0.21952992046384198,113.01404917713622,131.8074916375262,0.10745772950266572,0.15690656108178322,0.12003699552050794,0.09653662051547218
37,149.84591138551372,164.766252817644,172.02511542227612,152.0580247680977,150.23949071832345,164.96661565500955,0.362132355740623,0.4083310904170933,0.3494157861333566,0.3764077171819613,0.21684076735288288,111.68437830887018,128.02026257225438,0.10819870005064722,0.16234315316568373,0.12243879518571059,0.09674983100038137
38,148.1187652424211,164.81278583946448,171.91115732031,152.1502601166383,146.85476319343238,163.75866670019624,0.3613286426345713,0.4135383061230093,0.35749658441457444,0.38350956749475495,0.2192930564306985,109.898109078538,122.19056234358005,0.10782650703933257,0.1643706811610126,0.12254251085076917,0.0969751913346753
39,147.19350613731206,164.5706306484513,171.80719886633443,151.31507788471748,146.47526114325652,163.33246065535815,0.3606563880156169,0.4168487081267026,0.35806524208294493,0.38129839706900626,0.22105039135967486,108.89029449724093,120.38412702299686,0.10772721385031735,0.16484736149807255,0.12199058076999351,0.09648002325781274
40,146.34510419364474,163.58021620279655,171.7880391170158,148.0554834263792,143.9611001610844,163.58912712759644,0.35860701347704543,0.4149592085656261,0.357087471724399,0.3868602007835203,0.2207072243719181,107.5859531237706,117.82302277822353,0.10771552513862374,0.16298709463182126,0.12262907484387221,0.09624773286551058
41,146.30078576655245,164.68919967247345,172.1224067899362,144.65141850413676,143.71018657193898,162.97136874201766,0.35647956735013464,0.4118777793176885,0.35011882846546566,0.37938647947952403,0.21942114352406947,106.43225451437289,116.99094800138108,0.10910025787442118,0.16139579806281742,0.12645118585070456,0.09596687804007459
42,146.57534826855866,164.08557501983006,173.32143686377526,143.41738097357407,144.25870987988563,162.64406805443514,0.3555136590987825,0.41134788244740894,0.3455127808824427,0.37257894942834463,0.21848480958357247,106.17431606525847,118.1011150470089,0.1109637661833278,0.1611637381081862,0.12908559657128774,0.09513573352085586
43,145.53994196538932,164.06545411594945,175.17212436505645,144.38935685754836,146.02154284805954,163.9656527738585,0.3548491423639074,0.4107104814366841,0.34545270427823505,0.36680185598194387,0.21647588877169663,106.59317200299711,117.69119174295922,0.11302318055284673,0.16287068206408056,0.13488060121788017,0.09548669907054518
44,145.35969478761123,164.8445724585958,175.01097367174643,144.85189043204224,146.7502184353024,163.92216358176762,0.3550404074618311,0.41128482941920486,0.3458682299115992,0.3689024580286387,0.21526993218092716,106.72286947211039,117.5216540878707,0.11413313330255809,0.16062495022764645,0.1360880627321999,0.0956789732872712
45,145.05193391368542,163.7227677693759,174.74044031371653,142.0683875499587,145.98587189192773,163.539589766815,0.35410938079091603,0.41215628431403095,0.3522473038365109,0.3685491170465613,0.2159358217639018,106.68673137914313,116.80572666225027,0.11190161346916086,0.16044031023096791,0.1348733815376555,0.09628720392006952
46,144.78306355302317,162.66586826169936,174.4616026584504,141.65795091518837,145.00074418029618,163.3019832163015,0.3538356922336453,0.4140841208816019,0.359009518505334,0.37610863667709415,0.21621223682896343,106.2417190550118,113.14148428071633,0.11165131461661758,0.1600783129627802,0.13388756732915277,0.09650969790308461
47,144.85553949035673,163.8765026590538,173.70005967434142,140.2996988729338,144.64250008854032,162.87702640279738,0.3541890625951548,0.416822808388203,0.3641122924752829,0.3775507730753257,0.21654887068258724,105.56368753930644,112.28632869440074,0.11034800021490146,0.15784616278837516,0.13456266467697972,0.09661250923201153
48,144.78962491485163,162.65116185572427,172.90542464125429,138.43186895242988,143.44140417480548,162.77583763696853,0.35334032624124356,0.4165541434249307,0.3688708947759947,0.37678523240070516,0.21653360582637282,105.72638910866678,112.02202269770183,0.11052861500698348,0.15702491832304322,0.1337906310502716,0.0966342192892295
49,144.80358140697183,161.0852383700596,172.69920638242152,137.8683805297534,143.59242846587267,162.9376819021465,0.35250695061538745,0.4145421865719139,0.369980714017248,0.3736039916988331,0.2182670802882195,106.06488488249047,113.36057913482712,0.11171711392770431,0.15492867867065538,0.13279689216368876,0.09630698730434752
50,144.42199331306202,160.21884143205185,172.0295147906217,136.96233758322924,143.9781428321068,163.21183498863505,0.3521850548816238,0.4122524449435027,0.36407059993881447,0.37871923786394,0.2214129454634948,106.75128348323832,112.84305844643433,0.11228876292129453,0.15270687131565708,0.1318975136571541,0.09623319695566264
51,147.00963855346865,158.68639796433573,171.70757345886017,136.9339591655533,144.03362055617876,162.92925496947169,0.35530333749510407,0.40474959617524836,0.35996882228182575,0.3788660920815921,0.22421452118548527,106.95094619283597,114.4304871189223,0.11345403413177252,0.1510252664363925,0.13054715961112792,0.09629116134299506
52,147.3170484033456,159.24662223808403,171.14118656509697,135.5351622652787,143.38059311863026,163.21974602914202,0.3557777857433334,0.40303718554687185,0.3523049979888484,0.3816339188455165,0.22679373078016862,107.34748495256049,116.44016731869787,0.1123402458412589,0.15000494028268013,0.1297901195936631,0.09621099161728609
53,147.7775232377826,159.46270221263492,170.03463727459084,134.5904609105094,143.8266976239803,163.80042847521722,0.35775707195062967,0.403123778927582,0.3438498357968703,0.3842875832410704,0.22889299953728523,107.35740725905163,119.68791957685444,0.1114796513114438,0.14799641531793653,0.12825751504498875,0.0960151907646946
54,150.2369218469261,158.65844045990468,168.34715592383697,134.52390916652706,144.6020682702371,164.40550022963356,0.3639499782306751,0.400726206780627,0.3388954091304841,0.3866413482821778,0.23009205452617945,107.50692813579138,120.82265347561183,0.11109843175276582,0.1451983527045425,0.12596332438678642,0.09570837386496833
55,152.42133363554655,156.09042852078971,167.92767446068825,132.71685543396248,145.42706422197756,164.21551263774776,0.37417662866894524,0.38945541877751455,0.33663775166016574,0.3901582162877932,0.23270446620176732,108.56669597874564,120.6430796392132,0.11298962147809055,0.1427766006874868,0.12429833138913617,0.09536198773144122
56,154.77942739492926,155.33813925822864,167.1043606189511,134.03561691410664,146.95665087551754,163.61469144641163,0.3832650662001718,0.38361424433135694,0.34320643297182424,0.3894217420520152,0.22990380822153345,110.30104896633085,122.47389503256346,0.11420998314234257,0.13824639731215227,0.1239663305154275,0.09567373588743903
57,157.31155350201286,155.2800347966045,166.209638385901,133.41495204941592,148.01210903560514,164.25045488292852,0.39382689092875106,0.37470530681318764,0.35386849754562116,0.37635244094948384,0.22816617755865523,111.51890473868926,123.88777430053538,0.11330779664704325,0.1350386022121924,0.12407119601821413,0.09598688831538169
58,156.65501855979588,155.4180142037601,166.33407971553137,136.12562484962882,150.75017825933537,163.7797390107034,0.3940152134476647,0.37877180334172456,0.35439807170019344,0.3724655240487134,0.2298544744093903,113.01249305415686,125.68052577710755,0.11477932907572949,0.13244180419973184,0.12339509244716758,0.09643926508477095
59,154.39771988693124,157.39474624454223,165.88027253266395,132.41091697735683,146.19973263532387,163.6806894242698,0.39606432251616575,0.37971502139634833,0.3661293044168347,0.3657366498953485,0.23524335292795262,114.66744500732159,125.99313659334719,0.11471421427146788,0.12626531051917253,0.12178510247870333,0.09701490060285232
60,157.1534571282634,158.8148723119215,165.0695158205682,131.87614496217367,139.84692883185758,164.35376837139864,0.39401260314168507,0.37725974254569344,0.38362844244219996,0.3618736261456056,0.23875880291745738,117.90648751787226,126.82145393037386,0.11111607723516582,0.1205615126448778,0.11985329304304675,0.09803887969570117
61,159.80203709147233,156.82356919907158,166.08202762060586,132.1852893043348,137.89936688697097,165.1480498534122,0.38984332921800025,0.3709423839397221,0.3816320712346529,0.3649515037190175,0.23855519286196353,123.69598623678986,124.62188917650467,0.11028358010520523,0.11826582873946108,0.11843391746016046,0.09810145860719295
62,161.23008909025407,157.7702862344956,165.97121864399796,134.41634451198723,136.51236296845323,164.23793834301202,0.38350364258692726,0.369258038666078,0.37672543831839866,0.35464135247600537,0.2418895605163603,126.10911815362033,125.51554884198256,0.10863817112442412,0.11585214171889704,0.11710953874000092,0.09780944000091177
63,161.28382323316893,158.9921740813609,164.83494645742002,134.88033222147206,132.36514119022002,164.5767173896387,0.37669430315126845,0.3733377073562018,0.3795215517442904,0.3533497950304113,0.2411341800668634,126.56040859107873,123.71801546696884,0.10704912024238869,0.1112174287587829,0.11623069351294787,0.09759608057690276
64,161.7607497161634,159.3914375691526,165.0325014851051,135.59703772065785,131.36009378849042,165.31241954730586,0.3748461681753576,0.37572076165027224,0.3839251249385086,0.35197980802161905,0.24008832531993504,126.55592695513988,122.03905337650625,0.10527015239795845,0.10890268021544117,0.11882680779004134,0.09670444054865428
65,162.26988522955963,159.73604608095494,165.38546767808333,137.77749685875227,133.33021699493779,165.00147363810393,0.3735128976065732,0.3769201989645418,0.38501141281603696,0.3492377329907165,0.23788536765031645,128.3824010820574,122.43045088795844,0.10603984520358214,0.1049244866409707,0.12195691180067668,0.09639744924468195
66,161.71202647739534,160.22918015710593,165.78617233777774,135.58469355447224,133.07153160670765,165.24506715215236,0.3732708293934334,0.3792902871238816,0.38516106546611756,0.3535434357817622,0.23620318252859032,129.83257912706256,120.4877949829855,0.10856741604431284,0.10128669119371901,0.12172587925852041,0.0971524126229882
67,161.65080202907944,160.7230771373157,166.10812497087576,139.83238833631208,132.86015944347363,167.23084955457603,0.3718475840136982,0.3790765170668824,0.37950518741836364,0.34722794766056597,0.2344509469550995,130.43932133500036,123.3131265681616,0.10831005861299212,0.10092116967427148,0.12151518919309238,0.09713792735761533
68,161.2370088526655,161.08349078151542,166.4798764541948,141.21048269191542,134.9960799077425,166.28709498676406,0.3717690127439091,0.38028994177920344,0.3754833300252782,0.3470154561096876,0.23316105221639194,130.06109534105875,123.624606354077,0.10759787598897648,0.10106992282581237,0.11902018246324776,0.09742260345862117
69,160.67425589009562,161.18364843395406,165.33589336062494,145.60421405111825,136.35630287518464,166.611549356461,0.37085331674538224,0.3820971734238612,0.3707076310495786,0.3496993359983717,0.23222374925385172,131.02086172804707,126.02048059664085,0.10631205280527149,0.10138767983875618,0.11713378253835596,0.09842971950586207
70,160.31832250659707,159.9518441665603,166.31150699806213,149.61382376763663,138.47399719033987,166.3402217924007,0.36703421635003325,0.37650935915005257,0.37405915913131027,0.3516357572741157,0.2310459889632831,135.7600921252597,128.45281017113012,0.10707434428155016,0.1014529395884671,0.1151141448011754,0.09877593463679596
71,161.7590785293498,160.23368902844408,166.97572455115198,157.8632479804469,143.96728179666022,166.2582463998772,0.3669362533591739,0.38194961132647354,0.38021869704481426,0.353290389195397,0.2302161693081977,137.93731527464462,132.75980117611647,0.10923007639571602,0.1020701415571905,0.11375049644628382,0.09906334093896338
72,160.9267121602402,158.45227658470134,168.0392926352986,158.47046382941417,145.6529735857131,167.07972673390742,0.3698492542291581,0.3766169125744621,0.38176322311780475,0.354770777511133,0.23014969656750667,138.13415194153472,133.01184252223337,0.11246758437298561,0.101827800955059,0.11267047406141997,0.09906123845830558
73,159.65173890604723,158.68537812827344,166.86411194400213,157.53483923617205,148.8688095504012,165.80716745166796,0.37149271826768165,0.37447378594913755,0.3851325570349797,0.3549529493181269,0.2291894654761867,137.11053152210536,132.2373833685031,0.11649242559021362,0.10099467696649811,0.11398270471972972,0.0963570237751726
74,157.44879844723806,155.46358530709583,167.42321531757415,156.55675761280432,152.51717369479283,165.4707388569751,0.37343839592103156,0.37422293443275423,0.3885020922326267,0.35738670700295777,0.2283315131930843,135.88954586791598,132.49837599414127,0.12138273098909352,0.10103010986226137,0.1141420989052391,0.09618315063012163
75,150.85193788519328,151.36382912531548,166.76014818930253,154.47111888578416,156.6326763264569,164.85716418948283,0.3711689555276139,0.37349252135798866,0.3948913484249311,0.3557107751172542,0.22883780532953266,133.2981278637272,131.9653947618148,0.12575438054642546,0.10213894669188417,0.11477595586238183,0.0969111145832249
76,142.86252795251238,147.04723465029556,165.53001327996154,153.4998794249552,159.82044450124056,163.67949248000963,0.3715954972154052,0.3696110086144599,0.39868652755480216,0.3563509490626377,0.22815133907142027,128.93487234229477,131.51132505715785,0.12773481118819166,0.10398913205064128,0.1157082519452774,0.09758635182250444
77,144.76840751714178,146.09091108995887,166.4939074886266,156.21262597086357,158.84671423701957,163.93261619994402,0.3655988259449965,0.3704315593512689,0.3958946091838486,0.35369061081126524,0.22610788977619037,129.3919204920066,132.59465981691096,0.13063396651539855,0.1047603622047026,0.1164973569302898,0.09743712807249719
78,146.3463314463756,146.31404741020987,166.29873602669792,157.61920395252076,153.7773908350139,163.81374650154822,0.36190341017294414,0.37263816069745204,0.39354978061343954,0.3532195727585497,0.223384549161662,129.5467794314901,132.6988047340099,0.1305626729126729,0.10594538700069088,0.11956076503083216,0.096689186065949
79,151.43622683440566,148.0904715035176,165.74263784998473,157.64753274515564,154.70075101260932,164.40493561353247,0.35932236956736474,0.36910800428843865,0.39182445513503855,0.3579732390641604,0.2205599116973031,131.77389279725733,131.4689908877082,0.13033100990849358,0.10661674630658213,0.12188624939314152,0.09664008178897304
80,153.45516819943217,150.04272659622444,165.73727723528276,157.11209277840643,155.35951651965013,164.46826800360142,0.35822897345522825,0.36949997531557227,0.3913766869640598,0.3622398810774587,0.2171856283922178,131.6854807287753,130.0145587114319,0.1286165702971416,0.10653855147679182,0.123633632677786,0.09661103122782515
81,154.08572967804278,150.38919156703173,165.84751511939052,156.47288432970572,154.97119484225706,164.10068751412277,0.3573686450997391,0.3703480216685007,0.3910620928655663,0.36880094733020385,0.2155950794684237,131.4601761414521,128.27418429773206,0.12729938115462916,0.1059392788491707,0.12284023787167085,0.09651534766850399
82,154.17278285490636,150.24335042386747,166.33323044760468,157.3316762584606,155.13525639137714,163.61652992686214,0.3578396864491693,0.3701645590953144,0.39441896838750923,0.37176024966740995,0.2152230509355676,131.45532498335987,127.78926715408468,0.12571016198821017,0.10647804460154503,0.11984017282793549,0.10071157660180192
83,153.43085695786795,151.4324208351278,166.99874211350823,156.2604878052255,156.59363788824754,164.6659261585825,0.35820421372760947,0.36841709505591813,0.396971176872798,0.3750734791637166,0.21477235942608983,131.6411945538589,126.21285644185485,0.12380169419535757,0.10717041656452243,0.11854066015989617,0.10473287305314827
84,152.87481585874377,151.53455913660818,167.383144192583,156.1417563927586,156.57579469809394,165.10187582466597,0.3594391294251843,0.36923780040693877,0.3977801427375916,0.37814142313654897,0.2139606141893882,131.94772959313195,125.24109530521042,0.12351467397571714,0.10732571310434615,0.11581746037094184,0.11099344832013402
85,152.02634927819508,151.33228933738167,167.57839217694345,155.05381970982378,156.33329885291366,164.11998922790738,0.36254702907545316,0.36898101709728354,0.3978439603448716,0.38138361418420047,0.21321549856017621,131.34003781115484,124.03887489854503,0.12356111518618987,0.10705992896106419,0.1133177172952866,0.11500430685126216
86,147.71358024205153,149.24854699895306,167.1142154604616,154.51335183824412,156.94003354815132,164.2925702270456,0.3759950479790495,0.36362036286852667,0.39773033907291355,0.37871627597725327,0.21184661215405765,130.45744402326318,123.10992663329239,0.12534468595355755,0.10621586316058036,0.1150488429187526,0.11588049548132667
87,146.2544797584676,148.03003256195873,166.76452747865704,152.52561498552146,156.40107156662822,165.979361923958,0.38095188659309775,0.3606594819421732,0.39634902805655303,0.3784739117484679,0.2117169200219692,130.36491043122354,120.14566678163453,0.12561874216844549,0.10564658272122426,0.11650537470914608,0.11582605060463992
88,145.79093455711907,148.48190082837345,167.1100553644273,150.60594343968194,153.17769324833813,166.00306212457463,0.3769686578449632,0.35497619226058835,0.3980174609342451,0.3751107059273015,0.21273619411495154,130.01663603020455,116.95404711187626,0.12328339364811437,0.10529475398705178,0.11668771474566975,0.11582269634123674
89,145.88389523112875,148.7667611118883,167.34741619163043,149.79508477561725,149.95768197083117,167.36404287285544,0.37404265094517986,0.3534086791682321,0.40173577086649187,0.37037009074297544,0.21265366688823503,128.94237111439128,114.80355872393274,0.12520607954584206,0.10188314383622361,0.11927734349439881,0.11662156036270797
90,142.4442018916289,147.04066085273405,166.81612172357617,146.7932796292761,148.61057638951436,167.3022829237004,0.37492542224526565,0.35104865072119235,0.40318539299048434,0.3657169958075061,0.21318070632709799,126.2685791058076,112.5087100781127,0.126082554016086,0.10110301542375438,0.12183536032021305,0.11652386910217287
91,139.1441764659302,145.332529093256,166.73760323869502,145.9947522003252,147.816167155614,166.96167702120752,0.3772524122808006,0.3498365049461207,0.4053667408487985,0.35740824098812457,0.214206744301782,125.18535524983659,111.97491378610334,0.12947701435330497,0.10026426030048385,0.12198274192558084,0.11555943611733453
92,136.28584020111978,143.10608977304733,165.8363131712625,146.51883415963715,148.0410805345688,170.07168715783013,0.3716518541313643,0.3479911229753246,0.40463930503832823,0.35504923088141166,0.2150404242199979,123.5036123209009,112.12100807795267,0.12840526568635124,0.10037213618263864,0.12121806076421912,0.11321078898961391
93,136.1283554874842,142.9804540648273,166.1259670819974,147.0973008117338,148.10289575654494,169.03073703049245,0.3703309900298704,0.3510832656756593,0.4044941848646203,0.3554433638802996,0.21369306171753652,123.65230253917868,112.03448766985022,0.1285502447358561,0.1007016327998459,0.12242181747566404,0.11234865220066283
94,135.519757181304,143.2651624723149,166.161642069694,146.90388956620285,147.845646834604,169.6073197814686,0.3701042867344991,0.3529754432271402,0.40412242286067507,0.35609841230059924,0.2131909063250043,123.10222518561996,111.81431978920445,0.12811106750458515,0.10047032079657826,0.12316988023094042,0.11152097806364578
95,135.62492731025145,143.4488646608489,165.87283547465637,146.84836418979586,147.09308088484028,168.44583305060894,0.3691336974448033,0.3548170266781791,0.40397360717230213,0.35892074526668494,0.21312253349464508,122.87285666177914,110.82999584149727,0.12699935915278193,0.09967754972015326,0.12253723220544978,0.1118275636786731
96,136.07888301135293,143.5091904946364,165.47553966554997,145.42090416124182,147.11788143172075,168.10930116969297,0.3674913276865756,0.35297587993248547,0.4077107126057545,0.3611698616970845,0.21315884227292134,123.04952332968534,109.66492433246546,0.12661038227907628,0.09918094884069208,0.12284372804152166,0.11201316222062557
97,137.44992429801727,143.9379173040585,165.8969670941184,145.57092509738203,147.0638618332098,168.3805938288224,0.3640637340273533,0.35351617260930707,0.40702848634693056,0.3651736881608032,0.21304406043614288,124.30955878142937,109.13162918002095,0.12658289546205348,0.0992544938994003,0.12182108935356525,0.11507655957461844
98,137.2351457501497,143.22845377029708,165.4662980354763,144.9059969107585,147.94291812382642,167.9069717413321,0.36057855858189874,0.3563586321985605,0.40657102735146566,0.3675431638668411,0.2134002880149163,124.64844947091052,108.93836701109433,0.13039243639718281,0.09948439310064208,0.1221207344183859,0.11743665626115309
99,137.91143323965252,143.23388971193,164.6133757767065,144.2805803906484,149.91223599150754,166.87983282235143,0.3602675116258019,0.3580147794517506,0.40189051392036734,0.3735001667994084,0.21338870798935688,125.52452849167118,109.98897684849325,0.13216807485842733,0.10006261374445403,0.12185339319049893,0.11850015889118708
100,138.54500981124642,141.34360887013594,165.5346541953498,142.90111023053967,152.78823973593768,167.30536147442947,0.3525770223039139,0.3614276481673234,0.40048059331303626,0.37468389501390564,0.2141596941213215,128.4195371501414,110.63469902466466,0.1352370630208814,0.1014506676789797,0.12041421143462783,0.11984394648387461
101,140.40767883864964,142.20888136329802,166.58998591809836,145.8777698187044,152.54500525945056,167.40040582170596,0.3528680199276538,0.3709886082856646,0.40266247478882294,0.3703660972763456,0.2136627527934752,130.5916705491613,112.86347200302401,0.13241562063074808,0.10225476354455144,0.11930802319201085,0.12152530640019635
102,140.76110590661526,143.32409921172956,167.58824462552147,148.06518136834748,150.99197507679244,167.03312915385922,0.3559910558297814,0.36913991578080224,0.4063693005620985,0.3713494308896697,0.2138323490731619,130.18034940087088,112.68424817184962,0.1301125192483235,0.10195558797689107,0.11893819117143473,0.12340724141160342
103,140.636238655272,145.18519357575298,167.99782881151637,147.0727704810768,151.45891642857484,166.19037170088822,0.3553077808361914,0.36862957262807505,0.40807967156036845,0.37164265074032804,0.21386524668427395,129.85391550311192,111.86219179668868,0.1293568327121076,0.1019091392434704,0.11825704640656992,0.1242789588872173
104,141.47898603358405,148.0364155427525,169.1762512850361,147.50262687238515,153.76609923507837,166.78249983003198,0.3548815694562338,0.36590894862709167,0.40843586369465906,0.36988130146458753,0.21313946226199723,132.59999864438592,112.06289645229754,0.12800158285795088,0.10301570852347496,0.11825725149655282,0.12466145237863989
105,140.72670102414378,149.36404955705328,169.47966924960778,147.56452040832136,154.02338953965483,167.06877959953306,0.3626746618808186,0.3683144758492531,0.40865539317117466,0.37041530805662676,0.21177163423844675,131.7815552669665,112.85391543939902,0.12832166516524376,0.10393311772440203,0.11804571622191526,0.12631946222385254
106,139.78381252977962,149.39503548498882,169.1703586388881,147.15702774728604,154.35772715575166,166.38073676302704,0.36549810039324265,0.36843426958917025,0.4092441490200511,0.3732545090742568,0.2114180737474678,130.39689854920854,112.99385732881903,0.12852685903430489,0.10453843826599446,0.11570646607733545,0.12723241095934976
107,139.0525257210925,148.7599441234736,169.09134079746883,146.8577081272508,153.59278874204037,165.90394606916104,0.3659846614565389,0.36807354322780617,0.4089295704419314,0.37812861905685147,0.21146718996164524,129.1045502328619,112.48033079578992,0.12823285207906063,0.10446176915107849,0.11425989936707841,0.12725212353272974
108,145.72536889244236,152.1146779912466,169.96887802248173,149.16538241663878,153.46132676309588,166.1861650664799,0.3637001980999724,0.36223002060731363,0.4115159263495732,0.3764235707688688,0.20925713841517996,133.9701826911325,113.29660238572049,0.12582602559465422,0.10456042015726784,0.11373721261552165,0.12793488847908327
109,148.36536572399382,153.0802113863874,170.22566926126083,149.74036094407467,154.0859634553437,166.7188761151473,0.3701305200634021,0.36096029155202575,0.41287722114398934,0.37521576835712195,0.20568273304934337,135.46656460062312,113.4103083596577,0.1237983107272719,0.10474335445682188,0.11455592097532605,0.12861741892076495
110,151.48462486713416,154.65992218961932,170.83838202094543,151.25776026560115,155.2371863317239,167.85816674444948,0.37196446622798107,0.3633074657347003,0.4121566273041885,0.37727638902262434,0.20558561605474074,136.94217871970906,114.96219108259066,0.12193243201281259,0.10506003903461082,0.11649074774596195,0.12953135096801774
111,153.00958458268045,155.64783093985872,171.36824923053948,151.03224446610497,155.50809083832047,169.33002017242796,0.37165116080824756,0.3660421987347692,0.41212390543259586,0.3766271027169156,0.202972511010662,139.0260590973528,115.15479636323046,0.12163595999065917,0.10622472262974951,0.11980842189791156,0.13076928066566443
112,153.4404021959514,156.69990942603263,172.60464375806782,148.24059627584452,158.97989426706718,169.75031417941875,0.37052706987232703,0.3645988207688285,0.4125652338239771,0.37762657336880606,0.20198471110994945,138.99355006496603,115.30866285183106,0.12296322533069781,0.1068955148333528,0.11996949059813589,0.13077542468544454
113,152.85113908241362,156.74440204509463,174.0604851847416,147.78873695323423,162.685916504286,171.30414363749682,0.35800980050992814,0.37299436006560477,0.4079027184056419,0.3809517607535677,0.19437822775816113,138.23804873384222,115.74363573221814,0.1311929416405715,0.10675866506664217,0.12324971158733564,0.13193224525991892
114,151.08705628398434,154.9959195363866,173.44765245779175,148.2204897290741,162.24290718784752,173.60262286937493,0.3531524888903002,0.37394414668777853,0.4096542800952712,0.37511477552437916,0.1944486941602299,137.35924828682786,116.0087506154945,0.12891627927309826,0.10700300053553792,0.12292828327572573,0.1322469208555849
115,149.79691702217318,153.67700862546388,173.05087814239914,146.65704836570933,162.0982534499209,172.43280964496086,0.3546923764386679,0.37298303456335996,0.4110530841859978,0.3766907949330794,0.1957357413765671,137.1835297474612,115.43437533521364,0.1288916848949557,0.1068386589204482,0.12009512824360473,0.1320691110008418
116,148.90872512476628,153.70748360261638,172.05776758668944,143.18968712515422,163.20973033434527,169.24949875595624,0.3519701695224939,0.37048704653412745,0.4096052088835513,0.3786023214094771,0.19967747936266025,135.8716715363492,113.06216237590792,0.12803552525084122,0.10663314762373306,0.11973479899658906,0.13162249492965303
117,145.20572003439005,150.4883137956587,171.7064255324282,142.51561023197104,160.98642519837944,168.7995523901591,0.3525785256356796,0.36792442469895187,0.41052806128110236,0.36698245567991444,0.2012551332580625,134.44893513201376,111.10700770501472,0.1300067709246835,0.1055209242553494,0.11896251974108636,0.13098225381848333
118,144.5880266027107,151.134690549713,171.0069660814642,140.27241448537495,160.5471661078102,167.92443972225735,0.3475008369567095,0.36450305229849433,0.4064135154658502,0.35806007231964715,0.20239681116795008,131.9586316669672,109.75146674747592,0.13575375225053066,0.10539400097389155,0.11803723991643307,0.13116058327919508
119,145.90377200674743,152.2910620159393,171.84754390677261,139.9530907641934,161.6083376546032,168.731581206648,0.3478516605321208,0.3650068724408882,0.4045935122984255,0.35554399847246426,0.20194475633752726,132.4030343193219,109.60074289707109,0.14217585278038444,0.1051973953037095,0.11913390459692945,0.13129508516984775
120,144.37454733808931,150.84179223991347,171.62354154846088,139.97798936226502,161.87533173443754,169.4173217156754,0.3537101157377247,0.3641859958198256,0.40431225207609767,0.3554464559464177,0.20212417916226968,132.74075221674357,109.73440360422201,0.1436393872098666,0.10491088190261279,0.11910222250812305,0.13137676395805373
121,143.22028107984923,149.83509005074916,171.29738457850232,139.8189392626345,161.83833912366964,169.24681249451191,0.3539581424216766,0.36314724595548226,0.40468448617480546,0.36049548252913877,0.202175191945549,132.59138004536993,109.57283191127848,0.14425001667004433,0.10477585177313169,0.11855899465698107,0.13102315871096742
122,142.49788120313355,149.52543089420067,171.22008860909276,139.43749684842916,161.58750779812468,168.63014312684646,0.3520931639896204,0.3630417772317665,0.40732168105931,0.35793711938542677,0.2024919204406467,131.9776508074903,109.18535243925768,0.1432744146875042,0.10508072426020312,0.11832268506055364,0.13080253294589667
123,141.83916251413348,147.63214613354322,170.91326176617457,139.689113596078,160.05376012292695,167.58963283282864,0.3528517872124644,0.36355105673824706,0.4099376269689979,0.36002695254269523,0.20402209697300844,131.3712311289344,108.34297189466616,0.14177017497488492,0.1050765263095534,0.11750297965549687,0.12948061911935915
124,140.1384215967814,143.494336150169,169.76831387821414,141.57004596886478,158.07213085925605,167.85100317164319,0.3557394596364637,0.36435703157535265,0.41089380631227507,0.36289773814400733,0.2075079836212042,130.03341759595853,110.08084410650702,0.13749369439189188,0.10579016186562869,0.11482898727822832,0.1292290832090409
125,140.22669507159947,142.85092314140638,169.97724257880262,143.32316148755118,157.8388351391782,168.20817866459947,0.3575499363686416,0.3654554573301326,0.4122663864553358,0.3664950223954219,0.20912576355583204,130.25696566982216,111.76221699698509,0.13226244707792056,0.10744108592203998,0.11314649605506899,0.1284416395551208
126,139.98804619308,142.21522956770193,169.46384278440357,144.30922013094508,156.87100128603623,167.53290862693711,0.3577762568948739,0.3657736025172007,0.4128180135413488,0.3660134251827145,0.2102594411910537,129.99713103851255,112.56974232034933,0.12884288885202827,0.10845966737437665,0.11346293272538736,0.1284971829455641
127,140.16748603902437,142.06051603734315,169.53796949395849,145.83673198897839,156.06770579441988,166.82953492578648,0.3572465918287241,0.36591796673318533,0.4140620493502026,0.3632163358609574,0.21123241024117734,130.06413877969823,112.9877693571776,0.127277661381806,0.10892689555241447,0.11528810644720061,0.12652394783892723
128,140.1911541264279,141.55538812520888,169.75959297288298,146.37627354172167,155.88676844283077,166.81224802568303,0.3579920281876891,0.365950811677609,0.41440052143293254,0.3624670421463919,0.21163242702457358,130.08709390105147,113.52928640838977,0.12805885216631352,0.10930301454533213,0.11607871987784815,0.12510536444166495
129,140.03078410676417,141.19932193847194,170.0776787966892,147.23643040947914,155.732143029693,166.514434747785,0.35882169536237796,0.3663726505875809,0.4147683656913378,0.36404834464315755,0.21201324617530495,129.82802464473468,114.81137946900523,0.1280828112766664,0.1097154417938116,0.11722703231527087,0.12431869751481134
130,139.8222422580315,140.57773457201696,169.93511558751845,148.26449452518938,156.19814510529343,166.56372163652134,0.3604853523892243,0.3669188242962356,0.4153866752558577,0.36096195043238405,0.21213788258694977,129.3769182937846,116.3225858155954,0.1310248885344573,0.11083160057687208,0.11823190850987715,0.1253789969899952
131,139.30368980771408,139.5037365831979,170.2010006910905,148.57728617334914,155.75239185253076,166.32165046514464,0.36147360857685007,0.36693802432363526,0.4161213200414829,0.3611109549898173,0.212805711901595,128.53740783241963,117.0027438792957,0.1308381544795999,0.11077691078469885,0.11910399591516534,0.12286291182298938
132,138.26724216503717,138.56130033315816,170.19339508486303,147.09631919053817,155.79571509230308,166.17023849136822,0.363316728888115,0.3669046855656971,0.4161681210673116,0.36075374708780705,0.21318313032454903,127.13381194164428,116.65885094787248,0.13280834877094877,0.10991331208208584,0.1194841821929342,0.1203322361682703
133,136.6200101866695,138.27165065733888,170.0773761203535,146.3598194875865,155.13591022821083,164.00839886978582,0.36450959982957876,0.36418658675026194,0.4185735145238648,0.36238808050815474,0.2135333524205797,125.45875484378217,114.97752728760133,0.13295864117559159,0.1081092113075732,0.11942764670855992,0.11696203160218724
134,134.77798588535927,137.37857291313546,169.90170624482698,145.4455311822341,154.39922554249802,162.8975578437032,0.3649148789983031,0.3604347048816713,0.41645133608076684,0.36728973400431775,0.21582683926942742,124.12787915303032,113.90628722146775,0.13303409265833663,0.10413114277124266,0.11670129248087138,0.11520587678007559
135,132.26131090769917,136.51802933727978,169.258048437941,144.9093059308031,154.22894711721358,162.7868870344446,0.3654824594875345,0.3584539944523189,0.4136468910770486,0.36155752305944056,0.21784070270393316,124.46991336711869,113.17724036421993,0.1346107054908259,0.10213550259893475,0.11604869377542815,0.11343149315339679
136,132.04598015056857,138.66321183149014,167.68515224641203,144.39381811677652,153.70707648679593,162.59238538513074,0.36758261361571215,0.3527486183022925,0.4144540924083766,0.3583577670885171,0.21667503020932924,124.9351753140149,112.04696960718047,0.13151334560513483,0.09997721397418796,0.11657138353807694,0.11275913445294124
137,134.58101253638517,141.3484213850037,167.481629581716,143.41839128055784,153.28216304506878,163.07765402247355,0.3696664191370441,0.3473318722127385,0.4151147788375285,0.36005689923215717,0.2162961402540899,127.18888527493658,111.36816399239271,0.13180961176465253,0.09960892155251543,0.12018729093870865,0.11312099225065453
138,133.33926066490267,141.96675341032994,168.51736941799734,141.57921057503214,152.78944902651196,163.14143463950984,0.3680335732424089,0.3466979645758106,0.4151969601509805,0.3532218113890648,0.21516901009496844,126.03886881748463,108.2032690673485,0.1317441536624183,0.09902918250065135,0.1221848575123545,0.11324530568175595
139,128.49074341766956,140.18148083982226,163.1545026684676,141.0099030100874,151.57815905357683,162.3387348927678,0.36405222402595355,0.34236511314956897,0.41648755450254504,0.3581203125900855,0.21522426867740632,122.3062913314073,105.49699002696076,0.12579434264631162,0.09885838160407531,0.12436600024964209,0.1133219188496251
140,128.35864484963798,140.7184022759268,164.72251853102966,141.48047532120714,151.19381014129203,162.69161832673876,0.36134095542468175,0.3430728537741317,0.41726177092486644,0.3632526604107438,0.21528998867249255,122.92071671047911,103.96214640888151,0.12152703812925396,0.09884487129572947,0.12488313952669486,0.11630214258285008
141,130.58270474223374,143.7519989246817,165.19340139850055,145.25928471940315,151.33651655479773,163.3864959153523,0.3574175119999385,0.34401778161794866,0.4169807405475681,0.35567007296352027,0.21519965378749306,125.12409518460983,105.26268177911513,0.11802573272007123,0.09895854986251004,0.1225912047918254,0.1218898994491447
142,129.7781524214847,145.4576465873732,165.12266995444793,147.3456880464059,152.35371228608184,164.43644197424678,0.34994122549120754,0.34758792837704794,0.41800977608507073,0.35191909831225165,0.21427300900732718,126.3130230900651,105.75110705394309,0.11670610222494168,0.10014019750297784,0.12182910370450009,0.12687254692429034
143,133.67717108021938,148.74039524440434,166.25780260437273,147.7836434863457,152.70756810863165,165.9491920471384,0.3501668310998653,0.3562527323088303,0.41875752648213493,0.35076626292063945,0.2131487367131901,130.64016504255892,106.45503643498633,0.11637694728096501,0.10113336125019885,0.11977374699173392,0.13174258591624993
144,133.84468601981607,151.09454301436634,165.10128553043128,145.9456909828388,156.70085688465684,168.04561080165158,0.34643563452171655,0.3675671969845025,0.4182266605083283,0.3692210801093585,0.21175616572890968,131.70759392115107,109.86176510644898,0.11841971391593976,0.1022876686514898,0.11452142753445098,0.13591485276648332
145,136.04709725142686,151.72054637014617,166.33661786935755,135.5215738593392,164.2709745175896,169.33734580464818,0.3433226398124276,0.36587780312069706,0.41806579686635603,0.3876884167252699,0.21051216182261362,133.99823570003926,113.43778236024349,0.1200449004805342,0.10313892444840571,0.10782385897199383,0.1363259823586564
146,136.2244816203807,151.58281877373489,167.58308510335442,130.10457075178698,170.17779294256601,169.19184895693937,0.3447248438123835,0.37130015659155763,0.4258486220791483,0.38959428969287535,0.2083318440164486,134.41700031893637,118.14524315179158,0.12203102400881902,0.10410474744470864,0.10394828718847945,0.13594612999871392
147,136.00379335184462,152.3807524603861,167.5534930723762,129.02957765907516,172.53364003132216,169.3912330968178,0.34511783305039395,0.37708792221763565,0.42547559515418193,0.3702571659307872,0.20616683025856142,134.3752052935574,125.86296213807259,0.12296543183718892,0.10537881867619953,0.10054880498681011,0.11458764240770887
148,135.07824197671252,153.33061652866456,167.65716924256444,124.32230682883343,171.21390586499484,170.50316231827287,0.3461410786362026,0.3769187642200569,0.43275256693020087,0.36920612447167317,0.20481162451454346,133.5021907055762,124.04925256913343,0.12186348622304702,0.1065239895574084,0.09817845303416559,0.10611399338962897
149,145.88382664007182,161.8631052425968,171.3334848025059,130.30759547126192,163.68461373116847,171.28457162320888,0.3284556068609556,0.38517839412002547,0.4217332835398243,0.30073294296646497,0.18900098323667716,145.7380906346806,130.0276729307836,0.09199827496227685,0.09353533051714358,0.09420472662017267,0.09919135601081783
150,147.46886637886334,161.0469290889419,171.6310993457198,135.06898871569783,166.69509917819963,170.17077914323215,0.33243244124836036,0.3788194285353257,0.4054920995746675,0.31756489104732816,0.19128275588386962,147.02298195975544,135.0593876371583,0.11611474213160583,0.09859090240807904,0.09377438152667066,0.08443199788066806
151,146.63431988660005,158.53399517891154,171.61794680330624,136.54380427135484,162.8605786853047,168.3234175885482,0.3410635262896805,0.37954431678801104,0.3991199068636349,0.307588018941045,0.19318805123618427,146.61586656485943,135.9308144780225,0.12427402781716351,0.10161989244388421,0.09269992529931838,0.08078326321338913
152,142.74132040026367,157.08889424588773,171.22679992901215,141.68800869147188,165.27043384539425,164.2642146621227,0.34767358747092847,0.379977682330665,0.39557657588083567,0.3226944070290875,0.18868292586891608,141.9203497663052,139.43669890573912,0.12118137477408064,0.10510638287764909,0.09369185277679204,0.0772251583792165
153,141.2129188519383,156.81405173599248,170.18334430495963,144.92546350665455,165.58714075939093,163.93526678636948,0.36074756579086076,0.382136740098403,0.3976114444366606,0.33202855624339717,0.19002591505982885,139.44211484087282,141.15375478995549,0.12196616342111236,0.1059838145747674,0.0951181307690629,0.07917847533400874
154,141.48320598102936,156.26196229079017,167.15909271038012,145.4936045774409,157.69045487989908,167.24136337888007,0.3713316886463023,0.38287891821317416,0.4051148010471327,0.32345186942900156,0.19022215511206017,140.43346513849923,143.55727740560832,0.12523579355451647,0.11076135662500787,0.10341050835832495,0.08551933148257669
155,140.14567779355227,155.71584197385775,167.29190549662064,149.84581636012066,157.26698561508,168.34344894587753,0.371121315072164,0.38514925868313304,0.3979663409222441,0.3349285581008849,0.19044783973244045,139.55919681312213,147.83328381802636,0.12868180754263078,0.10912434808709083,0.10187447938901063,0.09180064774071932
156,134.73005375138914,153.61055136212772,168.81072205643446,143.53800427130895,154.57018099679132,170.4286276423256,0.3782628219856051,0.3819065272816081,0.38788906514042026,0.3523720953331826,0.19100454329686378,134.71270097646422,143.02827148290788,0.13095132494952805,0.11161523804247853,0.10210439893107401,0.09673960599999228
157,126.87349092119948,151.09286331909553,169.69005429873826,134.48616910301686,150.09864581617043,172.09418165474432,0.3813352260321761,0.3832123002107222,0.3786775133676051,0.3612684951093331,0.1938381805845079,126.37944387560137,134.48520867722902,0.13214536211790648,0.11703514432942365,0.09925004021742462,0.099945599005952
158,124.1593176057439,147.9249280126621,169.22932701424068,132.82172976982693,148.76621639421737,173.579299945839,0.37836123378109426,0.38887965850928147,0.37262667865684695,0.36953332821152374,0.19720560440530172,121.81910570254459,132.382563723647,0.13111649003950288,0.11953012385286331,0.09706730472982492,0.10355743283392621
159,125.25665202020974,147.68638336025475,168.1523888161655,135.04152935952212,147.88222677485803,175.9711034892096,0.3699064499678832,0.3897207865418204,0.36325601686291237,0.37922242700336356,0.20097765251032013,122.81200620101735,131.27788118668798,0.13227732277134208,0.12031096259639064,0.09642004978151257,0.10817902030144014
160,125.38811106521038,147.42658046609878,166.72792180290568,135.72562185010347,149.33703110544397,176.07813714522857,0.3688453144152226,0.3877604537296103,0.35985911747341776,0.376511210092965,0.20319717305376175,123.6732677002444,132.40270020199057,0.13467342373263974,0.12172517039749636,0.09409993915343404,0.11341911974953618
161,130.46472791402397,149.39720554841597,166.6922821397558,134.78684611615617,151.48268273072526,173.0495086988313,0.36457455294645924,0.38527120704314455,0.36147600347351116,0.3950632227007649,0.2039870432649322,129.73341788600433,132.83406582665302,0.13067186815443296,0.11877796573667387,0.09296560036183339,0.1130392061749775
162,133.88071527112288,152.56515739717022,166.9402950236978,133.18829663852708,153.75775631449136,172.70431533210956,0.362490895586864,0.3845475422217399,0.3592083725043834,0.4067965910673908,0.20491919394497748,133.02197123633042,130.22587080194154,0.12600452983655766,0.11740587687097495,0.09218194405263933,0.11430190387708905
163,136.93936952869316,155.66040134465572,167.64026926476782,135.2256684928315,158.6925821384276,174.33495776584996,0.35739631105979536,0.3836127616044826,0.35759375704523805,0.4054891428012543,0.20713228788102053,135.60806499894437,130.66844961144565,0.12529932507990438,0.11874860285242073,0.0916236519902761,0.11816609799134066
164,141.17300403800056,161.88055251380314,165.63326308539428,142.9041165360893,165.10835611388794,176.21248310474743,0.35775519775718545,0.38609481414407976,0.3684411937020633,0.3900138947698439,0.20924059114779217,141.15584917754444,136.98594001245544,0.11911790238125147,0.11429127095748672,0.09270921691078499,0.12937832571218225
165,146.9219866865649,165.73512643136323,164.75930852085943,147.51645393270047,169.15978836114004,178.1860656988332,0.3724279186655915,0.38999364553622484,0.3995584331093736,0.37332381290486294,0.21196464158793135,145.42279473858378,140.41846138278845,0.11426574917204137,0.10986768265245773,0.09568870661697366,0.13213918242900705
166,147.88031888553232,168.4217013529491,165.32317058608783,148.2139627142792,172.08641637457848,173.31845360749233,0.37877483459588857,0.39007068820130814,0.4089824695638722,0.3723285680012431,0.21534013013375541,146.6246620107598,144.32946140232562,0.10857387032651525,0.10599455710264011,0.0989318305350901,0.1275202356913883
167,145.27401898108687,168.68625410620382,165.51715508748683,150.7229099876972,173.43766581622788,170.07858307468095,0.3749476772870105,0.39555925947778037,0.41482766957738065,0.3694255800194626,0.21695423147367965,143.4214184464866,149.31317235067684,0.10656082425781331,0.1042228944742967,0.10214928651673678,0.12229976885541433
168,144.67957616013015,169.14707351334525,166.05837458218687,152.66194696365457,172.0837638645396,168.58019443905485,0.3728622229468571,0.39723770364322436,0.4192705787654651,0.3706528890876509,0.2170461175378759,142.526666809251,151.56898771269402,0.10660048761513788,0.10312458795374059,0.10397070641048126,0.11906854530355997
169,150.42895130901314,166.61265301257694,167.8503236091463,152.69055172319614,173.22228334836637,173.43453975612735,0.37260213287372745,0.38921669262444614,0.4192398520234506,0.37703829561009394,0.21701802188841574,148.44566386521188,151.43287896956727,0.106610049477321,0.10264502588918083,0.10634317160520701,0.11956162250244794
170,151.91341110299547,165.90497791380918,166.04762946659338,154.0605543312814,173.7095702402606,167.0416724819639,0.3730981643690778,0.38637818558850473,0.4200788710713919,0.38302216090599,0.21805413177457156,149.13886631577037,152.52614130619457,0.10536313268397803,0.09983176894425505,0.10653579731924549,0.12025708511099698
171,151.8887064012603,166.9029100716639,164.91835483093936,154.20887034902975,173.3981670054546,163.37755475415872,0.37361485845502396,0.3873787747118312,0.4203061401221596,0.3845280088177876,0.21830904929391715,149.46744741767012,152.55638894131016,0.10636800960788373,0.09910360227808454,0.10635967216132912,0.11926481387233571
172,151.96225488409888,168.77333473786524,163.20632002759507,158.50713777917034,170.44679999293788,165.77250878484654,0.37485813695367093,0.3906778285540792,0.4166453767263176,0.3783501945436198,0.2185402067683932,148.27911330615785,155.7296958678088,0.10656268240113544,0.09999164092484117,0.10572870192733456,0.11809099466164762
173,152.17772200979158,169.172884465624,163.21924739681774,162.06250408016822,169.23680727337322,163.90119089714094,0.37405814458679226,0.3899684322308353,0.4146484688624939,0.3734569573433052,0.21798576340370543,148.6436589237914,157.6040642151192,0.10650343800193852,0.10086882942002977,0.10534340499654542,0.11762181588974542
174,152.54165082432053,170.4337222478033,162.79770047058088,162.23557682709767,168.32206791801073,165.3338530313324,0.3748548285161008,0.38941827798005124,0.4130785125007201,0.37490090541799526,0.21823965363854175,149.36797507161754,157.95689368860644,0.10580730529812993,0.10270150482394161,0.10463908010745572,0.11642271987426092
175,152.5597178153835,169.71610839296875,162.12911264939802,164.11223887987268,170.27215566189705,165.80818622108384,0.37432121043352057,0.39011040628552646,0.4115524267814459,0.37113568926506024,0.21813284557934623,149.46258915748666,160.8236832443096,0.10404747210470165,0.10416065211865197,0.1021104364033025,0.11443870702628552
176,152.56969084908678,169.26882617154664,162.68467389977727,165.02450720184407,171.73742134821796,168.2059549687784,0.37321999916329907,0.38996847653379363,0.41078063843768053,0.36863397776838874,0.2188212377619888,150.20493072336726,161.3879277980641,0.10081013479394245,0.10407568957193689,0.09918947431651541,0.11383753139580809
177,153.11746547587674,167.81155649803318,162.83428622251867,166.94782517636813,172.80812230910408,166.05628665182388,0.37240001221362534,0.3907444526540551,0.4074202557593663,0.36886131698530406,0.22055890544691792,150.58091094555607,162.44967755022276,0.10061506685456992,0.10270506446971267,0.09862671811782785,0.11405026582726832
178,153.51379842825236,167.12784512263735,162.65047081153875,166.53540816297416,172.8509148828051,165.71606936719763,0.37191652335103353,0.3925824183096646,0.40673658571561294,0.3689931500174526,0.22126344834549003,150.25481310522412,162.2554228728623,0.10109570073482195,0.10172607076041654,0.09877122772241975,0.11296924198110504
179,153.05073234564566,165.85585125438553,162.17599966910956,166.69991068414896,173.24214768779026,165.4401912320179,0.37037096437209344,0.39161821499772925,0.4066045645210177,0.3677177377459308,0.22142890703815413,149.6585565379075,162.69606047671547,0.10126835560363788,0.10210154247168056,0.0989666792986303,0.11087249266252269
180,151.58319486817976,163.80003259610515,161.64322071722364,166.86484821000204,173.4687173822862,165.73764971970095,0.3703990641466781,0.3901730735222354,0.40551536681724926,0.3641646242182071,0.2223035044406859,148.02427506058473,163.57095501631164,0.10289683532756026,0.10213924282051559,0.09968079783788164,0.10892413509897113
181,149.22817955166246,164.1464305864167,161.26083478038595,163.5469466061903,168.39855206500474,164.53747375483954,0.3711770067673878,0.3902762502557159,0.4043283074725492,0.36054335232707113,0.22254783900766412,144.41597783513788,161.83141006050462,0.10378177753205568,0.10025242293435072,0.10047328025872654,0.10606509091507256
182,146.09134463632952,163.55366185355948,161.19597693711032,160.5177993730108,165.94828328031505,164.61655551203896,0.36788590652676956,0.3869702255243639,0.4037786610834562,0.3492672391274044,0.22417785150502453,140.37635374905722,159.217982831584,0.10305845670473607,0.09783003826940231,0.09844800082108102,0.10456300332386181
183,141.3796104700212,160.75952505877396,158.93243138260542,157.44646627175257,162.95750496851545,164.5659717308061,0.36435359149280533,0.38758305693530515,0.402112560957634,0.34267277074702385,0.22458750650575637,136.71477356737017,156.7802571673475,0.10152559478105379,0.09649163392357264,0.09691704757922465,0.10522740805036251
184,141.0110946487433,159.80842122927126,159.1521343186527,152.2601215674759,160.05738695361853,163.57672304660548,0.36098968033425977,0.3850775604886053,0.39606773047570937,0.33633345106727136,0.22575164062879777,135.7003243180296,152.04947611230753,0.10078353366307188,0.09278786509215568,0.09527978437726271,0.10572906827103014
185,138.70929530292605,158.8361208627066,156.621140983561,146.5183913416081,155.3120770448774,164.36433855983972,0.35645097742504145,0.3882348128292869,0.3906767227356246,0.3391884493771956,0.22640608609102164,133.6438141608212,146.51697120086894,0.09874671441798294,0.09019184010919518,0.09420071932455484,0.10841856574354877
186,138.49886561919206,159.3112198227229,158.0235702978632,140.32874323080634,145.29283128186765,164.9494896572484,0.355870258841534,0.3916588374314174,0.3935592592513978,0.34474491649166183,0.22862926749109488,131.81812579906492,139.72036393731716,0.09730400976148694,0.08692169912892116,0.0937207051463754,0.11238739702296152
187,136.3674974703007,157.98662569107037,154.09819715570458,140.52629410498471,146.70178659606995,162.20288393505993,0.3504470964091034,0.3926622725398514,0.3908849623597539,0.347755886242377,0.2298889244772795,129.95771018730105,139.62122705508082,0.09568459562231084,0.08613465252522864,0.09449733193300913,0.11597095222282905
188,137.96320897391897,158.1483762500453,155.05936546688181,136.4654972965834,139.75755348124778,165.14654642586083,0.35055205260556693,0.3928100471119746,0.40427082436746853,0.3535347357395404,0.23077727294481534,131.40279562893858,134.11730399039627,0.09596250034365066,0.08510454393146606,0.09495681631166641,0.11760134605663036
189,139.3231474575605,159.24492768705733,157.5865493641979,134.40136746569638,139.31533245024562,166.33375318790067,0.3433215104751697,0.37376169815868343,0.4089793059922432,0.3614355233162044,0.2318874325000068,134.62909646344457,131.23696252861484,0.09376030105780701,0.08471968170294297,0.09339361616285675,0.12047740530553686
190,142.99643371473758,161.69916980620133,157.60905413302189,133.6175353283861,137.88595373505225,166.28694678168284,0.34219588554627917,0.38226179859531056,0.42215679269521256,0.3610486608713405,0.23284503197484482,134.0325190105592,128.2043267070896,0.09252199756999555,0.08327936431443268,0.09224662490800942,0.12227708286971167
191,152.15601175572993,161.70148250619513,156.3826285257783,135.78002338892176,138.10104245177453,166.1264070225979,0.35987645205704016,0.3745744397919399,0.42716688682955634,0.3577980001322143,0.2339594446398712,128.72483588592834,129.86349280765117,0.09279581101248852,0.07893242725572176,0.09110321991020502,0.12337814786678927
192,152.13479571949034,161.79479304425337,156.83475078141288,137.2923058517517,140.55624431466063,165.97898014778386,0.370746677643818,0.3681404075199807,0.41774111626136823,0.35426419028990996,0.23472935927573188,127.66661229733272,131.8492713188626,0.09586948436278585,0.07418139959101525,0.09137362694603733,0.12236986948421062
193,149.19598531786602,162.38347784509997,157.3891705411989,138.85105931707164,142.49218371155428,164.7995022854495,0.3789067992518352,0.3772807596551956,0.4219319651436503,0.347183542463786,0.23555619365423858,121.72583981948617,133.7770855251787,0.0971937989857722,0.06655401536654405,0.09199479588502768,0.11959359426297941
194,146.47928270860822,163.19173766843582,158.37924856948212,140.81255534620772,143.12320341376113,165.8060017453402,0.3832729867672493,0.3727052030823294,0.43131936384463804,0.34637281490230937,0.23720935636018614,118.34167059498094,133.86628837307856,0.09577499104346648,0.05917473249473358,0.0913047668252094,0.11937979565601498
195,144.63257324284137,166.55724370947513,159.10835178337862,140.4681802062828,140.90217522503306,164.80845290631032,0.38435502647680747,0.3712710059487198,0.444175789698051,0.35199564968529773,0.2393246159728589,115.04830087206524,132.19111874631065,0.09129159656211515,0.06533302578883049,0.09328309929639651,0.12156944299324637
196,135.68285164032525,170.43724081156185,159.7174902186763,134.88376865665714,134.7980512730221,165.50371442067777,0.3843225516402182,0.37983398611262276,0.4410017431102315,0.3731619851749157,0.23905090701986337,105.04390186181658,128.56617428896823,0.09062955052889397,0.06386307575481417,0.09105429241618354,0.12507828725885092
197,130.4621327150256,170.01735177349295,158.90734029870424,137.2207258975286,138.18565815909832,165.32693717755942,0.38461628844758533,0.38379548349160986,0.44797808771973807,0.36881153646965986,0.238508808605113,99.63775576349586,131.78840879249503,0.09562388203760203,0.05235388363372555,0.0927224960114666,0.12511073890848673
198,128.64576434332727,170.65008593055276,160.7476064009708,150.03346216689718,148.46649204795102,166.1921848777848,0.3861193372264312,0.3833888066246055,0.4344261037769885,0.37090686635583653,0.23798326746517262,98.24084741911318,142.6130888016512,0.1019804288702805,0.04724251844050903,0.0994948652404438,0.1254878279892118
199,129.45947386850662,168.067665975609,159.80607139473412,161.17413191521035,164.74751519211244,165.73188531166542,0.38465119501603445,0.3689502606083683,0.4251615579347324,0.3711034941518601,0.23553141547296955,99.05628743779378,156.23071983135915,0.1018204192826129,0.04811166296730267,0.10837378342356394,0.12525184996089037
200,123.35177394053513,171.02550394609656,162.62755967824287,165.2324933541917,173.2908178079554,165.3300149254433,0.3799886799771014,0.36782214166294697,0.434101032263971,0.366532575035092,0.23401668621159635,102.92435496132899,160.78702392194194,0.10696897524277815,0.04671609350621697,0.10958404162859062,0.12596046087915416
201,115.87984220906293,168.70205763263547,157.46338429073143,164.8390626841654,177.03071226714596,165.93590271400413,0.40035206562500447,0.33480179695964235,0.44018356500263556,0.3725515158556696,0.2343563538093997,105.06718358237559,160.04992892652658,0.11472470958423972,0.04827221170019253,0.11424640507986712,0.12804533760653639
202,114.56789431140639,162.31246962708096,158.40047740156962,165.4365203475673,173.85621168826881,168.10058303169947,0.41147769701009396,0.280147204319795,0.43466299443793316,0.38689291174937523,0.24090917877390408,108.02459006169536,157.07878006533585,0.1128723077981949,0.06229779624146034,0.11782036035243441,0.1323833683831761
203,97.83444384787983,142.91434676060925,171.51370624629885,170.6812050949393,171.09709165026663,165.53458876684937,0.382209119675176,0.29610919804505587,0.42531176951394495,0.3883596703718559,0.24578984830225192,97.78641544024376,159.6003820448531,0.09685093516874997,0.08993992798606684,0.11632000061527734,0.1371750684815176
204,94.51682499581625,122.2200798341091,175.13752841948167,169.85926216067816,170.1861599916805,164.71262821992894,0.34627497817351405,0.32419929361550004,0.41456591463761855,0.38031577458753424,0.24692892244188502,92.17413319555361,161.20209783499186,0.07564545664467173,0.11667114720865615,0.11422892769790487,0.1363983543952146
205,89.84808389360724,116.85760573389477,177.58260616074608,169.63254523778755,167.62057790886297,170.23102577768435,0.34033531034696224,0.34659654864874045,0.41333479289700736,0.38291814990616957,0.2565884696353113,82.98268779219956,158.86999791219262,0.1013944128654503,0.1332481017520192,0.12001375669646855,0.13867085075521907
206,79.68409917989881,106.29471262010644,177.38533896108575,171.56869753070615,162.9764053381822,168.84627607485604,0.3325519591759375,0.37451182551560946,0.39852801955166345,0.388289841375587,0.261326647653155,68.15450015824676,150.50405186537742,0.09282999208780243,0.1407448771779256,0.12392476615074789,0.1443197372912261
207,65.16552664210198,94.57103833230384,177.912893457568,171.02658282026138,158.31657243585747,170.07825014958584,0.3186577427418332,0.3957171121141235,0.38079539670161233,0.39010290976522627,0.26664347948491074,52.34346038978825,148.4196113112417,0.12087391893659574,0.1679966245992951,0.12414869815676731,0.1494568892742538
208,74.29859825525605,117.42907352538936,167.01056757743518,171.86620965379984,156.53479973871336,166.27757167154232,0.2813364447273322,0.331255081112437,0.3902779980848532,0.3805994783307361,0.2539426849947854,62.82532974922161,150.12839422357925,0.1153465854882467,0.21829668372329636,0.12463596668015565,0.14397377834094377
209,96.91263446827995,119.8032939526793,168.89191357155224,177.02156493865004,158.11319871427804,170.24607745261082,0.29032492462932324,0.3481650399820888,0.39574221035924145,0.35491723487832105,0.24777445455312322,79.85512392740415,143.43110445071466,0.1142260420222587,0.22105127638885588,0.1178751072967798,0.1378327631314528
210,147.1085502976326,139.65956061206967,135.86144401301675,173.71473263197902,155.39389053766644,162.27387541933223,0.41843001023425136,0.4241397832156603,0.3938649488799291,0.346268115857596,0.2330802962678269,137.23185880210218,162.74566047684146,0.14267562601872305,0.15513697016486933,0.117878183029923,0.1305344522389634
211,156.34035649121327,141.97245992117394,113.5302478644702,159.7112703463958,143.9387258447159,159.14705980111853,0.4159612192830073,0.44332972393737013,0.3071730057631158,0.25874211018789367,0.21609546355781298,145.3485733787339,158.85148068297212,0.1296236151691295,0.14611392622261204,0.10837907823315973,0.08803320911014183
212,168.5109011945516,142.24155250887108,152.93874700773247,134.2516304345567,49.40833289660826,146.2603467378668,0.4187666041698443,0.4135605209645012,0.21089361169690693,0.12005082428619657,0.21258963157344266,152.5002563603264,16.061150795962455,0.1290781774710405,0.1371705499663395,0.12133723926525232,0.04752376959578866
213,174.805096701423,148.77329857921865,170.47967594039176,164.6258950374779,42.980511234374404,136.13849460651755,0.41864981457951206,0.3953561800078548,0.22516260989385395,0.10369275424153032,0.21302788906100698,151.98898922285485,28.42519859713427,0.13235819620416647,0.1363579410957228,0.11504964026976085,0.03593860563813208
214,174.98853836262202,146.1066494919504,179.1676188419012,171.19603478199437,82.43841344078702,156.27923280874057,0.40473227987896687,0.3788041440769943,0.225935394674754,0.10246808672572402,0.21189905424778754,149.64468683799166,45.95703020863077,0.14116205411229676,0.12258855300798673,0.11446783676392974,0.04639251598875376
215,154.86601142047218,137.23298862099222,177.94385193318197,179.6069351746625,135.3724433389056,173.1240629917787,0.28257279279890934,0.2736917514483728,0.3795291817698432,0.34313684324542115,0.21371065436856324,94.11375135473318,139.05491619467804,0.10355067715811707,0.09695443014896075,0.12342015619277753,0.12570693468822283
216,170.29396756516925,142.12338369020162,174.03025902936176,174.67041079840064,134.9740328066766,173.60872674448012,0.3625846995333732,0.3096064319754294,0.34427473687157567,0.3057686913752936,0.21285817688217198,124.96619471147658,134.28717914667743,0.12838452075832568,0.13241258560032593,0.11790616732359697,0.10002563652844577
217,163.47116256420608,131.0995442050402,167.09743601286377,108.22807445584927,73.62661131535467,160.22782799358436,0.3681741556159939,0.3011893240217626,0.17216812907039747,0.2845818319387328,0.17729581126181057,135.83655899236388,36.4877540325089,0.12511380802448507,0.12835794785211724,0.06304631653453067,0.08239723263442778
218,156.9034398749287,136.62004889823854,169.66463880802962,91.61679135165022,97.38730529301765,164.4179072275926,0.3576046102673102,0.3147011998191693,0.2273486082726076,0.22639243643021775,0.1746815732786495,137.52464845888554,14.034483405749242,0.12783665288365786,0.12795225883216804,0.07421296495034439,0.06832196212918926
219,164.58409454995402,137.45161055080007,176.2565790934541,168.70144468110354,138.31610238050985,175.9420539009584,0.39145168428932886,0.3907777124296886,0.3673691388360749,0.34372767738043797,0.19892311035687224,139.25562742819366,135.3683797443311,0.12098937208265047,0.14004548616400253,0.1169260182223368,0.12651371509988718
220,165.93589605566362,141.98336949015018,173.4555996565574,162.79707866443312,143.1935277410078,163.94595071126264,0.40283283183550156,0.4406265541896707,0.327462925569239,0.23458430422637078,0.1884297614932425,139.34399586578616,137.41936930150501,0.11900807372741859,0.13371974891826952,0.11644660216019372,0.06412925478465856
221,170.9638511277725,138.87842466810386,173.3196448476608,128.31207347033515,114.50890291829602,144.34197224697567,0.4065905082097834,0.4527884986911725,0.2530229191620145,0.06774530159364936,0.16776685275760844,144.71134220528916,54.00053675027482,0.11893942882703601,0.1288909452599812,0.10879314017986662,0.023018054707716847
222,171.13899039400283,136.3413395669637,173.17613351563895,170.0907134557737,129.930022527032,173.46535247250316,0.408296930592411,0.39544045434914205,0.2859550778970222,0.2802847403359116,0.15515885086722192,139.9800673159647,122.90954483864117,0.11554497046545886,0.1341649350396656,0.10951789847763455,0.08547127002038683
223,168.79823643209104,138.6554313310994,172.58464603404678,176.47947498907942,152.5208741785036,171.26893287323708,0.3988740231664064,0.40520751084380024,0.3667456702701367,0.3762715063992754,0.16747438737685458,142.65196234210805,144.34931613923084,0.11955517885851792,0.13423443768239723,0.11604334336323575,0.11410113174940278
224,166.72287131305674,137.82495951422476,172.92052151889996,174.6877631228223,149.21715259745332,169.8740867520097,0.4006277083756895,0.4069789673639308,0.38682434120097203,0.39191943208393626,0.17984986305119682,144.9847162865961,147.87771304498636,0.11660054424999364,0.1375757510910451,0.11961656503980238,0.12927633895160398
225,163.65363274161925,132.88347150850987,173.75816353304344,170.80845369102963,145.1969876431047,174.2178407798793,0.40535827715647893,0.39573342548126045,0.3936057722783011,0.3936200953002685,0.17717915029658415,147.53227494160348,149.73607390906668,0.12154195787830106,0.1367774281249885,0.12640692902197187,0.1320801640872137
226,165.7791385815505,128.9214511690736,174.5710569724482,171.10494309767307,145.87771233110547,172.83416499871848,0.3923772676747996,0.3801675205454038,0.3837382697005283,0.39525299136546066,0.1804662445048811,146.30339489871358,147.3015058756875,0.12827719429478124,0.13755394517475217,0.12708833375651019,0.13197329126551366
227,165.9883566798956,126.0945518826862,174.13021098925333,172.70841593830238,145.9871387897326,171.78837911517473,0.35522353032606563,0.37100413989155917,0.3779080202804373,0.3861605511758522,0.18025285746944575,142.49939483691142,141.3971267081475,0.12166885216048803,0.13841290864205644,0.12505773347052215,0.1308262470719222
228,144.102230779128,114.02499288551256,162.77595793257527,171.18381959112094,147.29159032453165,172.0403098362435,0.2947967764453918,0.26331309937390013,0.3865958572622317,0.3856261492431678,0.18663216145115685,117.74251994546077,137.13061637413193,0.10561451330064756,0.09891471615546682,0.12015437759539986,0.13474681452498563
229,55.375090429946965,77.4256970803183,145.97720769628188,167.71144816326296,145.37305064490977,176.30604316734647,0.25345707488414443,0.14492088582712784,0.3836820038144091,0.38072385713252316,0.1973619578565065,26.80983827335438,138.87892730830612,0.11678795387881054,0.09495299753854915,0.11953505422959594,0.13498952260195796
230,32.11937482139073,62.421750577512306,165.87345294111975,167.98549602680419,145.35681271489065,177.27319783421174,0.3403604548523384,0.24122223149756128,0.37475108362608966,0.3701612122566395,0.20333896337650562,12.370327321524798,140.9463180562955,0.18848041340688274,0.1652724036611717,0.11938207797606522,0.13562560014052055
231,25.784691728688763,57.70655762302506,169.61515375002685,166.62267018908148,140.11599535714768,175.6774877471972,0.34838413453831596,0.291934338525414,0.3698748975002329,0.3724962548663931,0.20609328894273132,18.48107682227056,145.65896092610598,0.20366450475619718,0.1866263339251363,0.12349083592061935,0.1359277602602285
232,32.51574768647412,62.57530898005351,164.63553030424907,162.50205794904525,135.58957679256784,178.96032823847173,0.35288356736950255,0.30455518891971656,0.37108809228590117,0.3774168497313007,0.21588797950069982,25.329323511973797,146.6937411994866,0.21190783699408156,0.18202258865074894,0.12723675327715836,0.13645575741855387
233,35.71532245554578,66.19761292411074,163.55880580088748,163.34100794814643,136.9219912357752,178.13779195243555,0.34417163586578287,0.2885640142089317,0.37037680391934924,0.3855149001215155,0.22018531326846721,27.217326712632797,145.37761140665324,0.20505642390299983,0.1723062757874396,0.12861441465905954,0.13489817110199134
234,39.51793772019212,68.12477167461886,163.6117949653442,162.79519405606527,138.395959599782,178.312623719303,0.3402906055963158,0.28753490781969904,0.36812102142791925,0.39033708270115486,0.2245022843895946,31.703512261450015,144.21674734902325,0.21134531232756848,0.18101608519951148,0.12852973933539172,0.13370346808859518
235,41.58606628229393,70.11279247177227,164.99331612805963,164.15898075066073,139.89013781229949,178.2559814534151,0.35401467555873944,0.3022256597299101,0.36658007003280374,0.3868760901986863,0.22689923696046174,29.70540465962499,144.4704422337168,0.21311005384387394,0.1836446391867816,0.12710602828990827,0.13506381624462807
236,42.06894460352267,74.17037889002212,167.69523115994193,163.84001826354336,140.01029761907546,177.27588662096701,0.3551876477584518,0.3124845266923867,0.36536533931042975,0.3781194242097382,0.2277374376098021,29.980748443189817,145.5788312632343,0.2102244997663571,0.182412546117766,0.1280858494230779,0.1361802985447058
237,43.78508421044616,77.36760586510292,169.00603472974694,166.00612045418356,140.465346136451,177.552563662223,0.36396862101058247,0.3230153771116792,0.3673369187135877,0.3810750562089392,0.23165598700778453,32.80475973863393,149.06846606020966,0.21653799086489778,0.18731834997734834,0.1289329667251441,0.13812223659097694
238,45.9611099553917,79.05947538907353,169.65546961308155,167.78652202867846,140.39389283112897,176.50347266029962,0.373960963942423,0.32282754490673116,0.36884238053872603,0.37888826172547535,0.23622814942037806,36.3988088429559,152.39267139619102,0.22350012570515893,0.19164522773892984,0.13053147277692395,0.13766003282617606
239,46.53595547215628,75.51019567247099,168.59932573139392,167.70170996329196,143.00180607820357,176.06298656181076,0.37114532246198856,0.3286067871938191,0.3676937603469604,0.373078173390271,0.23936518875791452,37.503691190989265,152.14935886155132,0.2255467124801701,0.19917868156717838,0.12813355762956957,0.14218296401174377
240,45.90871568327366,73.49418566508568,169.25159413881778,168.05107374673676,145.59998741377183,176.70361281741117,0.37116061748757606,0.33083335966448985,0.3679786067002636,0.3686323858527814,0.24029843660696285,38.100973293527574,152.1556997871486,0.22837575909974023,0.20232933435425665,0.12369479520785011,0.1403459316357913
241,44.55153412122392,72.84176021520426,171.83257078482922,168.87975432845252,147.71000079472708,176.04305863247177,0.38320170637846923,0.34294604074129664,0.3623697360294732,0.37329897656878464,0.23744428389985353,38.37754481951051,152.57426099161637,0.22902975589543068,0.20419428368101472,0.12395885886992018,0.14273372577462565
242,45.11419069725633,69.78468034284795,173.5286750008,169.39578013230835,151.4250629334732,175.540865914921,0.3779433118619217,0.36828524335956037,0.3653592979266909,0.37152919211303964,0.2302752643531496,42.70696854877241,156.75659350739735,0.22913711332398645,0.20350628597923537,0.12665383717471673,0.143957640931021
243,48.71186213917731,72.29671301296935,172.90058962443368,172.38402876120426,150.928788480874,175.32983286920825,0.38186413758479704,0.39282609238480226,0.36534493270485247,0.3718453421247226,0.2282938112710393,46.36145343394289,158.34184355702905,0.22564883312914477,0.20365066734607795,0.12961861581772163,0.1446620674008368
244,56.27035548359507,75.85934683510268,171.3135562368007,176.6060530330267,148.50231872119892,176.647499445419,0.3941121962661449,0.41226446489170243,0.37118827273342203,0.36764016740333766,0.22867607423808076,51.90621699048199,156.73082839313736,0.22916606385740898,0.19637986251098163,0.13241960763991412,0.14147877735171438
245,64.96751271749032,87.32761958983868,171.60620732694443,178.7227117129902,148.8146914899542,176.4343789782843,0.39578883839500756,0.4123149333173498,0.3780899934281072,0.36407765976629597,0.2292604430848345,58.43007161473597,147.45353520558533,0.23428680008119715,0.19490590603070077,0.13199660944226613,0.143243862793408
246,81.68220544997646,104.36222034412573,170.34274514329468,175.4412026021071,150.91658518095872,175.67977948387116,0.37790433427023673,0.3821476659697356,0.38411802024569114,0.36652633891284303,0.2312661570577868,73.61318723032906,140.98121885363858,0.22417899039762437,0.1841934608139939,0.13618658302383282,0.1436624014386074
247,97.43682903682274,117.07969178277412,168.85760014113356,174.0050678988389,153.07749418906815,174.76187507077924,0.37129107542851214,0.35312842243183273,0.3906012210063278,0.3659942058955478,0.23260087586058084,88.59744929655184,139.00312621534482,0.21241195759730963,0.17200282483554757,0.138031017426191,0.14597734171419824
248,118.07323747816966,131.38416714639405,166.57911521174717,169.35838828114902,154.8885871412423,173.86603147386182,0.392351334561094,0.34045239720514986,0.391520786185887,0.36519109868765054,0.2322259350153552,107.16776450572861,137.7658554690829,0.2031597271033516,0.16670693836974051,0.14301669033942022,0.1446134200769312
249,126.50739580027704,134.4619469416634,172.33932190055836,164.44120513671942,158.8348465132123,174.68200667250338,0.40104896203536405,0.3539444549752929,0.3910539038035697,0.3565683720072195,0.23632227266310035,110.05550798539585,129.28474401367944,0.19114964472827697,0.16265681875809698,0.13853798080955812,0.142466684452448
250,139.0866754974396,143.41614644271726,165.8008156936258,154.0878930790059,160.5933082747575,173.4934195821726,0.4050848877073353,0.3655138638694976,0.375216732685439,0.332453129329248,0.24204452638467394,116.46951674000788,123.3483952847609,0.17808132544717448,0.1719385772536088,0.12242631834854886,0.1603891839480951
251,151.47083009712782,151.12511709490744,163.5360745876851,151.32113786102465,163.87865240568064,167.4438410132986,0.4365324890937301,0.3685197711333499,0.38822282772858996,0.3338505641296176,0.23394783558456253,126.0834544016673,134.04267654052057,0.17323949287690435,0.16406684323321388,0.118703356117806,0.15404516282278077
252,161.25630298699733,159.9140926553225,178.58710654620972,148.98956618552236,168.05206183872136,163.44121099853646,0.42145068390404256,0.3582755000099919,0.37886385155995456,0.33643247137897686,0.22830757245010164,149.20240547023798,139.93081146428008,0.15631716211343183,0.15356237063496736,0.11675997936150732,0.15144213844845575
253,165.39381703304633,164.88661094323427,175.7685949272459,154.48596853513885,171.92922817401805,163.79862312652466,0.41834063157229645,0.3550127767889091,0.3749083184377199,0.33716741713385323,0.22682560487492034,158.6952823023632,145.67452699581497,0.1444917569943144,0.15478394825413638,0.12154398100251472,0.14325376628435163
254,160.29404118036902,166.3675685702125,176.24282844020573,159.84979467672483,172.95652306353887,165.48516344432426,0.41448058543373306,0.35831674629593097,0.3744694335528691,0.3445905683635932,0.2220836984398771,155.1443466868053,149.8926819381471,0.1423566810888238,0.1468681762028215,0.12447991904901341,0.14097666875243858
255,162.89968542479988,170.75824273778701,174.3974256022781,162.30146008646167,175.50646330561545,164.50362874061224,0.40522984838604975,0.3625463526291578,0.3718154844640904,0.3566220152378038,0.2170937126082406,161.75128915961588,154.91590976454427,0.1408097079021332,0.14623168410595586,0.12736363934024383,0.14006183780040612
256,159.48844863877318,171.9388643602929,173.56244253623234,165.70579767738295,177.52369780548295,164.36377827056523,0.40441368100905145,0.3648430841346427,0.37523161293136986,0.3526355358191072,0.21911430358433184,158.32722877397194,158.27401126256862,0.14057771502405217,0.15285108446689946,0.13105606950731105,0.13348254582166766
257,162.86828914564575,174.05840471951242,176.1376719721802,166.41132845023756,174.90868024949293,162.20191827301218,0.4020490182161578,0.37447267649122434,0.3759814938281536,0.35238455266460483,0.22215055289631758,159.24823999149368,160.0288428988845,0.14236213065345263,0.16067887471310416,0.13086079412141277,0.1340481414805393
258,163.82885035497262,170.49988660131115,174.25450853370708,166.189098639682,173.85554820423587,159.1517505721088,0.40620572343202005,0.3822251661552768,0.37514461450366976,0.357086726792899,0.2223489498441965,160.95154067489705,163.63897523258493,0.1483394654875439,0.16031700403701862,0.13215959996998852,0.13065639037742846
259,160.83737213460736,168.85428077641197,174.17872619568772,165.64232751261093,176.07778454924554,159.12125140832566,0.40643309873623096,0.3756501001587083,0.37821914791464883,0.36049894712823466,0.22314371826985155,157.85304579437607,162.19636652446906,0.14792440316303945,0.16009025146514008,0.13377524199905017,0.13435050964544076
260,158.68999470083236,169.87279637725462,173.31712241282852,166.78777196087307,176.21268791055317,159.6993196257837,0.40671745013475047,0.37155963962768634,0.38345660242737317,0.3621306394646553,0.22419543530437172,156.41160724521862,163.86175877598404,0.1437475606167317,0.15824803538870832,0.12968559884431932,0.13799801116655303
261,154.97629124026267,168.94708187875304,174.62708664732116,166.09478249810525,174.80367851279274,159.0470216145824,0.4033364359557417,0.3667255907622261,0.3888693462779662,0.36844081155269587,0.22562283064483407,151.63947831835668,160.77591670337458,0.14216272928338772,0.15780387167306198,0.12786723782215328,0.15126610762859846
262,153.03719238680043,169.64869542681825,175.25119650745813,168.78439929710788,172.38519635339188,161.64863954305216,0.40220782792200915,0.36504357096624457,0.3892058177748347,0.3701392436901679,0.22632103959445157,148.90901810029513,159.4999609503065,0.14313505244723537,0.1582726855956834,0.12780899241720292,0.15405927990615348
263,154.175159579596,170.4605216060342,177.67894231807483,168.78253923832747,170.19212133049461,162.56901223356715,0.4034337178901761,0.36702651743072734,0.38909132022955667,0.37558696112469936,0.22697473232011017,145.69655644108065,154.3960665087989,0.14557196647229087,0.16186826989572217,0.1301039509864508,0.1585782388091758
264,153.09585402665317,170.3929726143267,177.78576124622828,169.0857630112927,170.55490327266233,163.39978317568153,0.40346488560014226,0.36650053528497345,0.3893822932431587,0.375478641489999,0.22776037418419628,144.7915574128137,154.55117020106675,0.14582311900374723,0.16269504734972623,0.12952241900771175,0.15984124054119733
265,151.42106007886778,169.93192765194794,177.57409142808032,168.71970405845101,171.710901800148,164.12948716948054,0.4046205007463051,0.36585787239194956,0.3869842045647038,0.3777439972290162,0.22845771375318022,143.96444844804833,153.78342691135032,0.14394236893942475,0.16306673459590526,0.12553538951631896,0.16030938039135914
266,150.8248048707848,169.6003448221058,176.87214015176414,167.8743971544094,173.27542586059923,163.93761260218534,0.4069165814176568,0.36600519368514195,0.3827070119364213,0.38054527836764457,0.22815234400663498,143.8491952643319,153.55812824232987,0.1431581385282835,0.16158669624689267,0.12249589750214447,0.15871957631021794
267,150.30431766783457,170.20377649108286,175.73948338149168,167.2566474660425,175.50375010498144,163.7145969232874,0.4071927515932737,0.36605633950107996,0.3816943920587155,0.3806895512212147,0.2289810983518509,144.29436511500256,152.93452863975344,0.14343403293815674,0.1620493603475191,0.1216500752469787,0.15832343895342557
268,149.0640603495073,169.2772802735496,173.86668346100532,166.32150581700532,178.2240742492649,163.26515085890225,0.4061186123540429,0.36654953077775004,0.3806837639825969,0.37861083493363995,0.22877319831211193,146.1788976599118,155.05158564430934,0.1432769027578861,0.16135711030195202,0.12114870540801148,0.1551725990873744
269,148.53624181151167,169.22989502407404,172.76596499765762,166.7802400098637,177.21884429321014,162.44701728402566,0.40531456244614816,0.37048589322717057,0.37991296093515003,0.3769726018931962,0.22821288421954297,146.39064585455753,157.92991970610495,0.14408025204287964,0.16050607307163958,0.121497195744694,0.15277072146308765
270,146.68048214224663,168.01694366311685,172.37701581477236,166.18043815114228,176.9684446101802,161.59991158011047,0.40406443118996577,0.3719699825858885,0.37888972593546666,0.3773757243363649,0.22813682745013683,145.1057926578278,159.18641187407172,0.1417754892157067,0.16072631851516675,0.11996552882128096,0.15206799843782212
271,146.66699264078872,169.84787971044932,172.424721910548,167.21069969127694,175.60679343024614,161.4970863960959,0.40228368125074043,0.37229983883899775,0.3808643004439046,0.37651562462599886,0.2279321826365923,145.0989452207339,158.7711836758521,0.14320447746166912,0.1601012841649573,0.1213419816910246,0.15077182073425002
272,145.8231554123631,170.25822441612468,171.8458447197215,167.19018774501845,175.204837323445,161.31472661497057,0.4005801907495055,0.37375599697215395,0.3821224554958738,0.3758371319329178,0.22727028406485272,144.92330761077469,159.65384718380074,0.14401174704709097,0.15957267630733352,0.12191599641823044,0.15044218444385216
273,142.59093147593325,168.26985375449544,171.28932740790975,167.39142721862297,174.50650367061,161.27212957291806,0.4014169036603717,0.37818588216276416,0.3818155333390804,0.3750880864424548,0.22645917464449117,141.79461218935327,161.50840047270688,0.1452620669455807,0.15992776776930193,0.12274315985291326,0.14876381700046631
274,140.6922323522482,167.77145141041217,170.6372846357183,167.0080876626931,175.09603977195803,161.35993680831754,0.4026634529010854,0.37791958256467784,0.3822446786762255,0.3751566699816782,0.22592045274591738,140.01741383391436,161.42258730015578,0.1468684445905805,0.16105243732888966,0.12364160469163232,0.14770908763323118
275,139.91171659007261,167.53970772886237,170.61300808370447,166.7923156994766,175.29032588714173,161.54473187256184,0.40301901394407413,0.37684807955718097,0.3824660504124897,0.37525483771433404,0.22485690479318787,139.16556433662797,161.46749637206864,0.1478488787328403,0.16176943564352989,0.12442543469845026,0.14697354214215214
276,138.39665555543493,167.2311768123804,170.61816118265043,166.67955089795046,175.69634661693306,161.4570108788439,0.40497026172633527,0.37619289509266235,0.3826402269912667,0.375067076161302,0.22317296988971183,137.58184511701666,161.29848141164928,0.14808293968557096,0.16199059600755691,0.12511689643747823,0.148783631055348
277,138.5023551297008,167.35770697777522,170.93997883069812,166.17877907097156,176.05785015553604,160.93472089845244,0.40445531372438903,0.3752286248487145,0.38291971384927664,0.3756470765016669,0.22222178603238044,137.90823195816722,161.48935727517608,0.14792291259661824,0.16221833519883672,0.12503426590800568,0.14845544050432033
278,138.79175554278848,167.85104043577098,171.2558747371928,166.05720363330218,176.11151928873304,160.6162245131904,0.40530163315195766,0.3731325411230834,0.3832174116518839,0.3764678310914746,0.2210649303949812,138.12711475343468,161.18082295113516,0.14834336487763453,0.16211139222821197,0.12551956274423193,0.14922728054583356
279,139.14148495908282,168.16020736761016,171.40274741325152,166.06830422261098,176.18053564248953,160.55374096215652,0.40512152408906915,0.371949803216664,0.3835059026215893,0.37693050179964926,0.22056502506584363,138.5367270347331,161.08410234110056,0.14857713208267953,0.16200613025662003,0.1255194543481696,0.14918603618672407
280,139.25645020831496,168.08953703293153,171.4450895554532,165.99990582998112,176.25736110676726,160.51309469652642,0.40520720790317205,0.371162473686389,0.3839449051204545,0.37787150804798286,0.22050391545284914,138.6737650084485,160.91002074383158,0.1488350341139675,0.16175074750404633,0.12560594972874614,0.14926030242565955
281,139.3035394822017,168.0124376898372,171.30610008664448,165.8611016061135,176.43594471516028,160.5633415950425,0.4049975479426036,0.3706729059450864,0.3842884626121579,0.37816938074645673,0.22022961016712858,138.87077724069331,160.8578493978419,0.14926385382727023,0.16145553807359717,0.12571328504991772,0.14927366800224848
282,139.49095914439343,168.11998702718373,171.3313080352253,165.4566632966829,176.3750790086585,160.54082821491815,0.40468283082378637,0.3704571286154431,0.3844903840371991,0.37872799406514496,0.22001772527705837,139.10015908092512,160.74929117191454,0.14974052232509105,0.16103599316323314,0.1259607046273822,0.14913558367496418
283,139.54038764077688,168.09404160503513,171.23422805526178,165.01980217269133,176.9254969630168,160.4270374535499,0.4043656059649326,0.3703737205135192,0.38450145223675136,0.3791274317560496,0.21994141687664018,139.17011528945068,160.63724661031358,0.15033251161853314,0.1608023242703902,0.12612027366637904,0.1490598830770536
